,Dis No,Country,Year,Month,Rel_Hum
0,2020-0530-GBR,United Kingdom of Great Britain and Northern Ireland (the),2016,1,72.0
1,2020-0530-GBR,United Kingdom of Great Britain and Northern Ireland (the),2016,2,74.0
2,2020-0530-GBR,United Kingdom of Great Britain and Northern Ireland (the),2016,3,74.0
3,2020-0530-GBR,United Kingdom of Great Britain and Northern Ireland (the),2016,4,82.0
4,2020-0530-GBR,United Kingdom of Great Britain and Northern Ireland (the),2016,5,86.0
5,2020-0530-GBR,United Kingdom of Great Britain and Northern Ireland (the),2016,6,92.0
6,2020-0530-GBR,United Kingdom of Great Britain and Northern Ireland (the),2016,7,94.0
7,2020-0530-GBR,United Kingdom of Great Britain and Northern Ireland (the),2016,8,91.0
8,2020-0530-GBR,United Kingdom of Great Britain and Northern Ireland (the),2016,9,86.0
9,2020-0530-GBR,United Kingdom of Great Britain and Northern Ireland (the),2016,10,82.0
10,2020-0530-GBR,United Kingdom of Great Britain and Northern Ireland (the),2016,11,75.0
11,2020-0530-GBR,United Kingdom of Great Britain and Northern Ireland (the),2016,12,78.0
144,2019-0366-FRA,France,2016,1,81.0
145,2019-0366-FRA,France,2016,2,81.0
146,2019-0366-FRA,France,2016,3,77.0
147,2019-0366-FRA,France,2016,4,76.0
148,2019-0366-FRA,France,2016,5,77.0
149,2019-0366-FRA,France,2016,6,81.0
150,2019-0366-FRA,France,2016,7,76.0
151,2019-0366-FRA,France,2016,8,75.0
152,2019-0366-FRA,France,2016,9,78.0
153,2019-0366-FRA,France,2016,10,79.0
154,2019-0366-FRA,France,2016,11,80.0
155,2019-0366-FRA,France,2016,12,62.0
288,2019-0467-JPN,Japan,2016,1,66.0
289,2019-0467-JPN,Japan,2016,2,63.0
290,2019-0467-JPN,Japan,2016,3,69.0
291,2019-0467-JPN,Japan,2016,4,71.0
292,2019-0467-JPN,Japan,2016,5,71.0
293,2019-0467-JPN,Japan,2016,6,79.0
294,2019-0467-JPN,Japan,2016,7,83.0
295,2019-0467-JPN,Japan,2016,8,82.0
296,2019-0467-JPN,Japan,2016,9,88.0
297,2019-0467-JPN,Japan,2016,10,78.0
298,2019-0467-JPN,Japan,2016,11,76.0
299,2019-0467-JPN,Japan,2016,12,63.0
432,2019-0366-AUT,Austria,2016,1,82.0
433,2019-0366-AUT,Austria,2016,2,84.0
434,2019-0366-AUT,Austria,2016,3,78.0
435,2019-0366-AUT,Austria,2016,4,81.0
436,2019-0366-AUT,Austria,2016,5,82.0
437,2019-0366-AUT,Austria,2016,6,82.0
438,2019-0366-AUT,Austria,2016,7,79.0
439,2019-0366-AUT,Austria,2016,8,79.0
440,2019-0366-AUT,Austria,2016,9,79.0
441,2019-0366-AUT,Austria,2016,10,88.0
442,2019-0366-AUT,Austria,2016,11,87.0
443,2019-0366-AUT,Austria,2016,12,73.0
576,2000-0379-GRC,Greece,2016,1,73.15384615384616
577,2000-0379-GRC,Greece,2016,2,75.46153846153847
578,2000-0379-GRC,Greece,2016,3,73.3076923076923
579,2000-0379-GRC,Greece,2016,4,71.53846153846153
580,2000-0379-GRC,Greece,2016,5,73.0
581,2000-0379-GRC,Greece,2016,6,71.46153846153847
582,2000-0379-GRC,Greece,2016,7,67.84615384615384
583,2000-0379-GRC,Greece,2016,8,67.53846153846153
584,2000-0379-GRC,Greece,2016,9,70.0
585,2000-0379-GRC,Greece,2016,10,74.3076923076923
586,2000-0379-GRC,Greece,2016,11,73.76923076923077
587,2000-0379-GRC,Greece,2016,12,65.84615384615384
720,2010-0331-JPN,Japan,2016,1,68.53488372093024
721,2010-0331-JPN,Japan,2016,2,66.48837209302326
722,2010-0331-JPN,Japan,2016,3,67.34883720930233
723,2010-0331-JPN,Japan,2016,4,73.02325581395348
724,2010-0331-JPN,Japan,2016,5,73.81395348837209
725,2010-0331-JPN,Japan,2016,6,80.62790697674419
726,2010-0331-JPN,Japan,2016,7,81.04651162790698
727,2010-0331-JPN,Japan,2016,8,77.27906976744185
728,2010-0331-JPN,Japan,2016,9,81.74418604651163
729,2010-0331-JPN,Japan,2016,10,75.0
730,2010-0331-JPN,Japan,2016,11,72.83720930232558
731,2010-0331-JPN,Japan,2016,12,70.06976744186046
864,2014-0578-JPN,Japan,2016,1,68.27906976744185
865,2014-0578-JPN,Japan,2016,2,65.79069767441861
866,2014-0578-JPN,Japan,2016,3,67.81395348837209
867,2014-0578-JPN,Japan,2016,4,73.79069767441861
868,2014-0578-JPN,Japan,2016,5,73.93023255813954
869,2014-0578-JPN,Japan,2016,6,81.6046511627907
870,2014-0578-JPN,Japan,2016,7,81.69767441860465
871,2014-0578-JPN,Japan,2016,8,78.18604651162791
872,2014-0578-JPN,Japan,2016,9,83.72093023255815
873,2014-0578-JPN,Japan,2016,10,75.86046511627907
874,2014-0578-JPN,Japan,2016,11,73.30232558139535
875,2014-0578-JPN,Japan,2016,12,69.90697674418605
1008,2011-0573-JPN,Japan,2016,1,70.27906976744185
1009,2011-0573-JPN,Japan,2016,2,67.65116279069767
1010,2011-0573-JPN,Japan,2016,3,68.53488372093024
1011,2011-0573-JPN,Japan,2016,4,73.81395348837209
1012,2011-0573-JPN,Japan,2016,5,74.09302325581395
1013,2011-0573-JPN,Japan,2016,6,80.97674418604652
1014,2011-0573-JPN,Japan,2016,7,80.79069767441861
1015,2011-0573-JPN,Japan,2016,8,77.86046511627907
1016,2011-0573-JPN,Japan,2016,9,82.48837209302326
1017,2011-0573-JPN,Japan,2016,10,76.13953488372093
1018,2011-0573-JPN,Japan,2016,11,73.72093023255815
1019,2011-0573-JPN,Japan,2016,12,71.4186046511628
1296,2011-0264-USA,United States of America (the),2016,1,66.72727272727273
1297,2011-0264-USA,United States of America (the),2016,2,63.0
1298,2011-0264-USA,United States of America (the),2016,3,62.45454545454545
1299,2011-0264-USA,United States of America (the),2016,4,58.54545454545455
1300,2011-0264-USA,United States of America (the),2016,5,61.09090909090909
1301,2011-0264-USA,United States of America (the),2016,6,58.81818181818182
1302,2011-0264-USA,United States of America (the),2016,7,62.09090909090909
1303,2011-0264-USA,United States of America (the),2016,8,64.36363636363636
1304,2011-0264-USA,United States of America (the),2016,9,64.63636363636364
1305,2011-0264-USA,United States of America (the),2016,10,64.9090909090909
1306,2011-0264-USA,United States of America (the),2016,11,65.0909090909091
1307,2011-0264-USA,United States of America (the),2016,12,69.27272727272727
1440,2003-0391-ITA,Italy,2016,1,73.83333333333333
1441,2003-0391-ITA,Italy,2016,2,77.33333333333333
1442,2003-0391-ITA,Italy,2016,3,70.66666666666667
1443,2003-0391-ITA,Italy,2016,4,73.5
1444,2003-0391-ITA,Italy,2016,5,72.66666666666667
1445,2003-0391-ITA,Italy,2016,6,74.83333333333333
1446,2003-0391-ITA,Italy,2016,7,67.16666666666667
1447,2003-0391-ITA,Italy,2016,8,66.5
1448,2003-0391-ITA,Italy,2016,9,69.83333333333333
1449,2003-0391-ITA,Italy,2016,10,77.33333333333333
1450,2003-0391-ITA,Italy,2016,11,78.5
1451,2003-0391-ITA,Italy,2016,12,73.66666666666667
1584,2006-0383-NLD,Netherlands (the),2016,1,85.16666666666667
1585,2006-0383-NLD,Netherlands (the),2016,2,80.91666666666667
1586,2006-0383-NLD,Netherlands (the),2016,3,80.08333333333333
1587,2006-0383-NLD,Netherlands (the),2016,4,75.16666666666667
1588,2006-0383-NLD,Netherlands (the),2016,5,72.75
1589,2006-0383-NLD,Netherlands (the),2016,6,82.41666666666667
1590,2006-0383-NLD,Netherlands (the),2016,7,77.58333333333333
1591,2006-0383-NLD,Netherlands (the),2016,8,76.75
1592,2006-0383-NLD,Netherlands (the),2016,9,75.5
1593,2006-0383-NLD,Netherlands (the),2016,10,83.75
1594,2006-0383-NLD,Netherlands (the),2016,11,85.58333333333333
1595,2006-0383-NLD,Netherlands (the),2016,12,88.91666666666667
1728,2007-0235-ALB,Albania,2016,1,71.61111111111111
1729,2007-0235-ALB,Albania,2016,2,72.63888888888889
1730,2007-0235-ALB,Albania,2016,3,72.27777777777777
1731,2007-0235-ALB,Albania,2016,4,74.5
1732,2007-0235-ALB,Albania,2016,5,75.38888888888889
1733,2007-0235-ALB,Albania,2016,6,76.05555555555556
1734,2007-0235-ALB,Albania,2016,7,73.13888888888889
1735,2007-0235-ALB,Albania,2016,8,72.22222222222223
1736,2007-0235-ALB,Albania,2016,9,73.13888888888889
1737,2007-0235-ALB,Albania,2016,10,72.33333333333333
1738,2007-0235-ALB,Albania,2016,11,72.22222222222223
1739,2007-0235-ALB,Albania,2016,12,60.80555555555556
1872,2004-0361-ESP,Spain,2016,1,69.33333333333333
1873,2004-0361-ESP,Spain,2016,2,71.83333333333333
1874,2004-0361-ESP,Spain,2016,3,74.0
1875,2004-0361-ESP,Spain,2016,4,73.0
1876,2004-0361-ESP,Spain,2016,5,77.83333333333333
1877,2004-0361-ESP,Spain,2016,6,89.83333333333333
1878,2004-0361-ESP,Spain,2016,7,85.66666666666667
1879,2004-0361-ESP,Spain,2016,8,78.66666666666667
1880,2004-0361-ESP,Spain,2016,9,78.0
1881,2004-0361-ESP,Spain,2016,10,75.5
1882,2004-0361-ESP,Spain,2016,11,74.66666666666667
1883,2004-0361-ESP,Spain,2016,12,71.66666666666667
2016,2007-0235-CYP,Cyprus,2016,1,74.33333333333333
2017,2007-0235-CYP,Cyprus,2016,2,71.0
2018,2007-0235-CYP,Cyprus,2016,3,68.5
2019,2007-0235-CYP,Cyprus,2016,4,60.333333333333336
2020,2007-0235-CYP,Cyprus,2016,5,63.333333333333336
2021,2007-0235-CYP,Cyprus,2016,6,58.666666666666664
2022,2007-0235-CYP,Cyprus,2016,7,58.666666666666664
2023,2007-0235-CYP,Cyprus,2016,8,63.333333333333336
2024,2007-0235-CYP,Cyprus,2016,9,63.833333333333336
2025,2007-0235-CYP,Cyprus,2016,10,65.5
2026,2007-0235-CYP,Cyprus,2016,11,66.0
2027,2007-0235-CYP,Cyprus,2016,12,75.16666666666667
2160,2006-0383-FRA,France,2016,1,81.9090909090909
2161,2006-0383-FRA,France,2016,2,79.54545454545455
2162,2006-0383-FRA,France,2016,3,75.4090909090909
2163,2006-0383-FRA,France,2016,4,75.54545454545455
2164,2006-0383-FRA,France,2016,5,77.13636363636364
2165,2006-0383-FRA,France,2016,6,81.95454545454545
2166,2006-0383-FRA,France,2016,7,74.04545454545455
2167,2006-0383-FRA,France,2016,8,71.27272727272727
2168,2006-0383-FRA,France,2016,9,74.04545454545455
2169,2006-0383-FRA,France,2016,10,79.95454545454545
2170,2006-0383-FRA,France,2016,11,81.31818181818181
2171,2006-0383-FRA,France,2016,12,82.36363636363636
2304,2007-0358-JPN,Japan,2016,1,67.72093023255815
2305,2007-0358-JPN,Japan,2016,2,65.3953488372093
2306,2007-0358-JPN,Japan,2016,3,67.02325581395348
2307,2007-0358-JPN,Japan,2016,4,73.67441860465117
2308,2007-0358-JPN,Japan,2016,5,74.16279069767442
2309,2007-0358-JPN,Japan,2016,6,81.27906976744185
2310,2007-0358-JPN,Japan,2016,7,81.74418604651163
2311,2007-0358-JPN,Japan,2016,8,77.67441860465117
2312,2007-0358-JPN,Japan,2016,9,82.97674418604652
2313,2007-0358-JPN,Japan,2016,10,75.16279069767442
2314,2007-0358-JPN,Japan,2016,11,72.72093023255815
2315,2007-0358-JPN,Japan,2016,12,69.13953488372093
2736,2013-0316-JPN,Japan,2016,1,69.0
2737,2013-0316-JPN,Japan,2016,2,65.53846153846153
2738,2013-0316-JPN,Japan,2016,3,67.6923076923077
2739,2013-0316-JPN,Japan,2016,4,74.84615384615384
2740,2013-0316-JPN,Japan,2016,5,75.23076923076923
2741,2013-0316-JPN,Japan,2016,6,83.07692307692308
2742,2013-0316-JPN,Japan,2016,7,82.46153846153847
2743,2013-0316-JPN,Japan,2016,8,76.84615384615384
2744,2013-0316-JPN,Japan,2016,9,82.53846153846153
2745,2013-0316-JPN,Japan,2016,10,76.07692307692308
2746,2013-0316-JPN,Japan,2016,11,72.07692307692308
2747,2013-0316-JPN,Japan,2016,12,69.6923076923077
3024,2000-0381-TUR,Turkey,2016,1,75.6
3025,2000-0381-TUR,Turkey,2016,2,71.9625
3026,2000-0381-TUR,Turkey,2016,3,64.4
3027,2000-0381-TUR,Turkey,2016,4,55.1
3028,2000-0381-TUR,Turkey,2016,5,62.8
3029,2000-0381-TUR,Turkey,2016,6,54.15
3030,2000-0381-TUR,Turkey,2016,7,48.8125
3031,2000-0381-TUR,Turkey,2016,8,50.125
3032,2000-0381-TUR,Turkey,2016,9,52.45
3033,2000-0381-TUR,Turkey,2016,10,55.6
3034,2000-0381-TUR,Turkey,2016,11,58.6875
3035,2000-0381-TUR,Turkey,2016,12,74.0625
3168,2015-0410-FRA,France,2016,1,78.9090909090909
3169,2015-0410-FRA,France,2016,2,75.54545454545455
3170,2015-0410-FRA,France,2016,3,72.4090909090909
3171,2015-0410-FRA,France,2016,4,72.72727272727273
3172,2015-0410-FRA,France,2016,5,73.4090909090909
3173,2015-0410-FRA,France,2016,6,74.45454545454545
3174,2015-0410-FRA,France,2016,7,67.81818181818181
3175,2015-0410-FRA,France,2016,8,67.36363636363636
3176,2015-0410-FRA,France,2016,9,69.5909090909091
3177,2015-0410-FRA,France,2016,10,74.95454545454545
3178,2015-0410-FRA,France,2016,11,76.5909090909091
3179,2015-0410-FRA,France,2016,12,79.5909090909091
3312,2006-0383-PRT,Portugal,2016,1,70.33333333333333
3313,2006-0383-PRT,Portugal,2016,2,73.77777777777777
3314,2006-0383-PRT,Portugal,2016,3,74.22222222222223
3315,2006-0383-PRT,Portugal,2016,4,74.44444444444444
3316,2006-0383-PRT,Portugal,2016,5,79.72222222222223
3317,2006-0383-PRT,Portugal,2016,6,90.66666666666667
3318,2006-0383-PRT,Portugal,2016,7,87.05555555555556
3319,2006-0383-PRT,Portugal,2016,8,79.66666666666667
3320,2006-0383-PRT,Portugal,2016,9,80.27777777777777
3321,2006-0383-PRT,Portugal,2016,10,76.94444444444444
3322,2006-0383-PRT,Portugal,2016,11,75.0
3323,2006-0383-PRT,Portugal,2016,12,72.88888888888889
3456,2009-0175-IND,India,2016,1,69.16666666666667
3457,2009-0175-IND,India,2016,2,65.83333333333333
3458,2009-0175-IND,India,2016,3,58.0
3459,2009-0175-IND,India,2016,4,47.0
3460,2009-0175-IND,India,2016,5,57.5
3461,2009-0175-IND,India,2016,6,70.16666666666667
3462,2009-0175-IND,India,2016,7,82.0
3463,2009-0175-IND,India,2016,8,80.66666666666667
3464,2009-0175-IND,India,2016,9,83.66666666666667
3465,2009-0175-IND,India,2016,10,73.33333333333333
3466,2009-0175-IND,India,2016,11,68.5
3467,2009-0175-IND,India,2016,12,71.5
3744,2003-0391-HRV,Croatia,2016,1,78.76190476190476
3745,2003-0391-HRV,Croatia,2016,2,80.04761904761905
3746,2003-0391-HRV,Croatia,2016,3,74.85714285714286
3747,2003-0391-HRV,Croatia,2016,4,70.61904761904762
3748,2003-0391-HRV,Croatia,2016,5,74.71428571428571
3749,2003-0391-HRV,Croatia,2016,6,74.9047619047619
3750,2003-0391-HRV,Croatia,2016,7,71.0952380952381
3751,2003-0391-HRV,Croatia,2016,8,73.14285714285714
3752,2003-0391-HRV,Croatia,2016,9,74.57142857142857
3753,2003-0391-HRV,Croatia,2016,10,78.9047619047619
3754,2003-0391-HRV,Croatia,2016,11,79.47619047619048
3755,2003-0391-HRV,Croatia,2016,12,75.85714285714286
4032,2003-0391-PRT,Portugal,2016,1,71.83333333333333
4033,2003-0391-PRT,Portugal,2016,2,73.83333333333333
4034,2003-0391-PRT,Portugal,2016,3,73.94444444444444
4035,2003-0391-PRT,Portugal,2016,4,74.11111111111111
4036,2003-0391-PRT,Portugal,2016,5,77.61111111111111
4037,2003-0391-PRT,Portugal,2016,6,86.05555555555556
4038,2003-0391-PRT,Portugal,2016,7,82.61111111111111
4039,2003-0391-PRT,Portugal,2016,8,77.33333333333333
4040,2003-0391-PRT,Portugal,2016,9,77.83333333333333
4041,2003-0391-PRT,Portugal,2016,10,76.5
4042,2003-0391-PRT,Portugal,2016,11,75.22222222222223
4043,2003-0391-PRT,Portugal,2016,12,74.61111111111111
4464,2007-0235-SRB,Serbia,2016,1,82.4
4465,2007-0235-SRB,Serbia,2016,2,77.7
4466,2007-0235-SRB,Serbia,2016,3,75.7
4467,2007-0235-SRB,Serbia,2016,4,65.5
4468,2007-0235-SRB,Serbia,2016,5,72.63333333333334
4469,2007-0235-SRB,Serbia,2016,6,71.1
4470,2007-0235-SRB,Serbia,2016,7,67.83333333333333
4471,2007-0235-SRB,Serbia,2016,8,71.63333333333334
4472,2007-0235-SRB,Serbia,2016,9,72.9
4473,2007-0235-SRB,Serbia,2016,10,80.96666666666667
4474,2007-0235-SRB,Serbia,2016,11,79.16666666666667
4475,2007-0235-SRB,Serbia,2016,12,75.36666666666666
4896,2004-0333-MKD,Macedonia (the former Yugoslav Republic of),2016,1,77.76666666666667
4897,2004-0333-MKD,Macedonia (the former Yugoslav Republic of),2016,2,74.43333333333334
4898,2004-0333-MKD,Macedonia (the former Yugoslav Republic of),2016,3,71.73333333333333
4899,2004-0333-MKD,Macedonia (the former Yugoslav Republic of),2016,4,63.3
4900,2004-0333-MKD,Macedonia (the former Yugoslav Republic of),2016,5,69.2
4901,2004-0333-MKD,Macedonia (the former Yugoslav Republic of),2016,6,63.43333333333333
4902,2004-0333-MKD,Macedonia (the former Yugoslav Republic of),2016,7,60.333333333333336
4903,2004-0333-MKD,Macedonia (the former Yugoslav Republic of),2016,8,60.9
4904,2004-0333-MKD,Macedonia (the former Yugoslav Republic of),2016,9,69.3
4905,2004-0333-MKD,Macedonia (the former Yugoslav Republic of),2016,10,77.3
4906,2004-0333-MKD,Macedonia (the former Yugoslav Republic of),2016,11,78.26666666666667
4907,2004-0333-MKD,Macedonia (the former Yugoslav Republic of),2016,12,68.1
5040,2007-0235-HUN,Hungary,2016,1,84.55
5041,2007-0235-HUN,Hungary,2016,2,80.75
5042,2007-0235-HUN,Hungary,2016,3,72.9
5043,2007-0235-HUN,Hungary,2016,4,63.25
5044,2007-0235-HUN,Hungary,2016,5,69.05
5045,2007-0235-HUN,Hungary,2016,6,69.95
5046,2007-0235-HUN,Hungary,2016,7,66.8
5047,2007-0235-HUN,Hungary,2016,8,69.25
5048,2007-0235-HUN,Hungary,2016,9,71.15
5049,2007-0235-HUN,Hungary,2016,10,80.95
5050,2007-0235-HUN,Hungary,2016,11,80.8
5051,2007-0235-HUN,Hungary,2016,12,83.55
5616,2007-0207-IND,India,2016,1,70.0
5617,2007-0207-IND,India,2016,2,56.25
5618,2007-0207-IND,India,2016,3,52.75
5619,2007-0207-IND,India,2016,4,34.5
5620,2007-0207-IND,India,2016,5,43.25
5621,2007-0207-IND,India,2016,6,53.75
5622,2007-0207-IND,India,2016,7,75.25
5623,2007-0207-IND,India,2016,8,78.75
5624,2007-0207-IND,India,2016,9,68.5
5625,2007-0207-IND,India,2016,10,59.75
5626,2007-0207-IND,India,2016,11,58.75
5627,2007-0207-IND,India,2016,12,68.75
5904,2000-0487-MAR,Morocco,2016,1,71.0
5905,2000-0487-MAR,Morocco,2016,2,70.0
5906,2000-0487-MAR,Morocco,2016,3,73.33333333333333
5907,2000-0487-MAR,Morocco,2016,4,74.33333333333333
5908,2000-0487-MAR,Morocco,2016,5,73.66666666666667
5909,2000-0487-MAR,Morocco,2016,6,87.33333333333333
5910,2000-0487-MAR,Morocco,2016,7,81.33333333333333
5911,2000-0487-MAR,Morocco,2016,8,77.33333333333333
5912,2000-0487-MAR,Morocco,2016,9,77.66666666666667
5913,2000-0487-MAR,Morocco,2016,10,78.0
5914,2000-0487-MAR,Morocco,2016,11,75.33333333333333
5915,2000-0487-MAR,Morocco,2016,12,72.33333333333333
6048,2007-0235-SVK,Slovakia,2016,1,83.25
6049,2007-0235-SVK,Slovakia,2016,2,79.625
6050,2007-0235-SVK,Slovakia,2016,3,71.5
6051,2007-0235-SVK,Slovakia,2016,4,64.125
6052,2007-0235-SVK,Slovakia,2016,5,64.75
6053,2007-0235-SVK,Slovakia,2016,6,66.125
6054,2007-0235-SVK,Slovakia,2016,7,65.0
6055,2007-0235-SVK,Slovakia,2016,8,67.875
6056,2007-0235-SVK,Slovakia,2016,9,69.25
6057,2007-0235-SVK,Slovakia,2016,10,80.375
6058,2007-0235-SVK,Slovakia,2016,11,80.25
6059,2007-0235-SVK,Slovakia,2016,12,82.75
6192,2004-0352-JPN,Japan,2016,1,64.0
6193,2004-0352-JPN,Japan,2016,2,65.0
6194,2004-0352-JPN,Japan,2016,3,69.0
6195,2004-0352-JPN,Japan,2016,4,74.0
6196,2004-0352-JPN,Japan,2016,5,73.0
6197,2004-0352-JPN,Japan,2016,6,81.0
6198,2004-0352-JPN,Japan,2016,7,81.0
6199,2004-0352-JPN,Japan,2016,8,80.0
6200,2004-0352-JPN,Japan,2016,9,86.0
6201,2004-0352-JPN,Japan,2016,10,76.0
6202,2004-0352-JPN,Japan,2016,11,75.0
6203,2004-0352-JPN,Japan,2016,12,69.0
6480,2003-0391-CHE,Switzerland,2016,1,81.1923076923077
6481,2003-0391-CHE,Switzerland,2016,2,81.23076923076923
6482,2003-0391-CHE,Switzerland,2016,3,74.26923076923077
6483,2003-0391-CHE,Switzerland,2016,4,76.96153846153847
6484,2003-0391-CHE,Switzerland,2016,5,76.34615384615384
6485,2003-0391-CHE,Switzerland,2016,6,81.65384615384616
6486,2003-0391-CHE,Switzerland,2016,7,74.88461538461539
6487,2003-0391-CHE,Switzerland,2016,8,75.11538461538461
6488,2003-0391-CHE,Switzerland,2016,9,79.26923076923077
6489,2003-0391-CHE,Switzerland,2016,10,82.6923076923077
6490,2003-0391-CHE,Switzerland,2016,11,83.15384615384616
6491,2003-0391-CHE,Switzerland,2016,12,72.0
6624,2005-0323-BGD,Bangladesh,2016,1,78.57142857142857
6625,2005-0323-BGD,Bangladesh,2016,2,77.14285714285714
6626,2005-0323-BGD,Bangladesh,2016,3,71.57142857142857
6627,2005-0323-BGD,Bangladesh,2016,4,73.85714285714286
6628,2005-0323-BGD,Bangladesh,2016,5,78.71428571428571
6629,2005-0323-BGD,Bangladesh,2016,6,81.85714285714286
6630,2005-0323-BGD,Bangladesh,2016,7,86.71428571428571
6631,2005-0323-BGD,Bangladesh,2016,8,84.42857142857143
6632,2005-0323-BGD,Bangladesh,2016,9,84.85714285714286
6633,2005-0323-BGD,Bangladesh,2016,10,81.42857142857143
6634,2005-0323-BGD,Bangladesh,2016,11,77.42857142857143
6635,2005-0323-BGD,Bangladesh,2016,12,79.28571428571429
6768,2003-0391-SVN,Slovenia,2016,1,80.25
6769,2003-0391-SVN,Slovenia,2016,2,82.08333333333333
6770,2003-0391-SVN,Slovenia,2016,3,73.41666666666667
6771,2003-0391-SVN,Slovenia,2016,4,70.91666666666667
6772,2003-0391-SVN,Slovenia,2016,5,72.66666666666667
6773,2003-0391-SVN,Slovenia,2016,6,75.83333333333333
6774,2003-0391-SVN,Slovenia,2016,7,69.5
6775,2003-0391-SVN,Slovenia,2016,8,68.91666666666667
6776,2003-0391-SVN,Slovenia,2016,9,72.75
6777,2003-0391-SVN,Slovenia,2016,10,79.33333333333333
6778,2003-0391-SVN,Slovenia,2016,11,80.83333333333333
6779,2003-0391-SVN,Slovenia,2016,12,75.83333333333333
6912,2012-0214-USA,United States of America (the),2016,1,60.25
6913,2012-0214-USA,United States of America (the),2016,2,51.5
6914,2012-0214-USA,United States of America (the),2016,3,48.75
6915,2012-0214-USA,United States of America (the),2016,4,55.25
6916,2012-0214-USA,United States of America (the),2016,5,58.75
6917,2012-0214-USA,United States of America (the),2016,6,55.75
6918,2012-0214-USA,United States of America (the),2016,7,54.5
6919,2012-0214-USA,United States of America (the),2016,8,61.25
6920,2012-0214-USA,United States of America (the),2016,9,60.0
6921,2012-0214-USA,United States of America (the),2016,10,52.0
6922,2012-0214-USA,United States of America (the),2016,11,55.0
6923,2012-0214-USA,United States of America (the),2016,12,60.5
7488,2004-0361-SPI,Canary Is,2016,1,71.0
7489,2004-0361-SPI,Canary Is,2016,2,72.0
7490,2004-0361-SPI,Canary Is,2016,3,72.0
7491,2004-0361-SPI,Canary Is,2016,4,74.0
7492,2004-0361-SPI,Canary Is,2016,5,76.0
7493,2004-0361-SPI,Canary Is,2016,6,76.0
7494,2004-0361-SPI,Canary Is,2016,7,81.0
7495,2004-0361-SPI,Canary Is,2016,8,78.0
7496,2004-0361-SPI,Canary Is,2016,9,77.0
7497,2004-0361-SPI,Canary Is,2016,10,73.0
7498,2004-0361-SPI,Canary Is,2016,11,75.0
7499,2004-0361-SPI,Canary Is,2016,12,78.0
8640,2003-0391-SVK,Slovakia,2016,1,83.375
8641,2003-0391-SVK,Slovakia,2016,2,80.0
8642,2003-0391-SVK,Slovakia,2016,3,72.125
8643,2003-0391-SVK,Slovakia,2016,4,64.25
8644,2003-0391-SVK,Slovakia,2016,5,64.875
8645,2003-0391-SVK,Slovakia,2016,6,66.5
8646,2003-0391-SVK,Slovakia,2016,7,66.125
8647,2003-0391-SVK,Slovakia,2016,8,68.375
8648,2003-0391-SVK,Slovakia,2016,9,70.0
8649,2003-0391-SVK,Slovakia,2016,10,80.75
8650,2003-0391-SVK,Slovakia,2016,11,81.0
8651,2003-0391-SVK,Slovakia,2016,12,83.125
8784,2010-0206-IND,India,2016,1,69.5
8785,2010-0206-IND,India,2016,2,59.166666666666664
8786,2010-0206-IND,India,2016,3,54.0
8787,2010-0206-IND,India,2016,4,37.5
8788,2010-0206-IND,India,2016,5,46.166666666666664
8789,2010-0206-IND,India,2016,6,58.333333333333336
8790,2010-0206-IND,India,2016,7,79.83333333333333
8791,2010-0206-IND,India,2016,8,83.0
8792,2010-0206-IND,India,2016,9,73.83333333333333
8793,2010-0206-IND,India,2016,10,62.333333333333336
8794,2010-0206-IND,India,2016,11,59.666666666666664
8795,2010-0206-IND,India,2016,12,67.33333333333333
9216,2019-0296-ITA,Italy,2016,1,75.66666666666667
9217,2019-0296-ITA,Italy,2016,2,76.66666666666667
9218,2019-0296-ITA,Italy,2016,3,71.33333333333333
9219,2019-0296-ITA,Italy,2016,4,71.66666666666667
9220,2019-0296-ITA,Italy,2016,5,71.0
9221,2019-0296-ITA,Italy,2016,6,76.33333333333333
9222,2019-0296-ITA,Italy,2016,7,66.0
9223,2019-0296-ITA,Italy,2016,8,65.66666666666667
9224,2019-0296-ITA,Italy,2016,9,69.0
9225,2019-0296-ITA,Italy,2016,10,77.66666666666667
9226,2019-0296-ITA,Italy,2016,11,79.33333333333333
9227,2019-0296-ITA,Italy,2016,12,80.33333333333333
10368,2005-0820-PRT,Portugal,2016,1,70.94444444444444
10369,2005-0820-PRT,Portugal,2016,2,74.27777777777777
10370,2005-0820-PRT,Portugal,2016,3,74.61111111111111
10371,2005-0820-PRT,Portugal,2016,4,75.0
10372,2005-0820-PRT,Portugal,2016,5,80.33333333333333
10373,2005-0820-PRT,Portugal,2016,6,90.77777777777777
10374,2005-0820-PRT,Portugal,2016,7,87.55555555555556
10375,2005-0820-PRT,Portugal,2016,8,80.11111111111111
10376,2005-0820-PRT,Portugal,2016,9,80.27777777777777
10377,2005-0820-PRT,Portugal,2016,10,76.94444444444444
10378,2005-0820-PRT,Portugal,2016,11,74.83333333333333
10379,2005-0820-PRT,Portugal,2016,12,72.83333333333333
10656,2013-0549-GBR,United Kingdom of Great Britain and Northern Ireland (the),2016,1,75.5
10657,2013-0549-GBR,United Kingdom of Great Britain and Northern Ireland (the),2016,2,73.5
10658,2013-0549-GBR,United Kingdom of Great Britain and Northern Ireland (the),2016,3,75.0
10659,2013-0549-GBR,United Kingdom of Great Britain and Northern Ireland (the),2016,4,79.5
10660,2013-0549-GBR,United Kingdom of Great Britain and Northern Ireland (the),2016,5,85.0
10661,2013-0549-GBR,United Kingdom of Great Britain and Northern Ireland (the),2016,6,91.5
10662,2013-0549-GBR,United Kingdom of Great Britain and Northern Ireland (the),2016,7,94.5
10663,2013-0549-GBR,United Kingdom of Great Britain and Northern Ireland (the),2016,8,93.5
10664,2013-0549-GBR,United Kingdom of Great Britain and Northern Ireland (the),2016,9,89.5
10665,2013-0549-GBR,United Kingdom of Great Britain and Northern Ireland (the),2016,10,83.0
10666,2013-0549-GBR,United Kingdom of Great Britain and Northern Ireland (the),2016,11,75.5
10667,2013-0549-GBR,United Kingdom of Great Britain and Northern Ireland (the),2016,12,78.5
10800,2007-0235-BGR,Bulgaria,2016,1,78.85714285714286
10801,2007-0235-BGR,Bulgaria,2016,2,78.78571428571429
10802,2007-0235-BGR,Bulgaria,2016,3,75.67857142857143
10803,2007-0235-BGR,Bulgaria,2016,4,68.60714285714286
10804,2007-0235-BGR,Bulgaria,2016,5,74.71428571428571
10805,2007-0235-BGR,Bulgaria,2016,6,70.0
10806,2007-0235-BGR,Bulgaria,2016,7,62.285714285714285
10807,2007-0235-BGR,Bulgaria,2016,8,62.785714285714285
10808,2007-0235-BGR,Bulgaria,2016,9,65.67857142857143
10809,2007-0235-BGR,Bulgaria,2016,10,78.21428571428571
10810,2007-0235-BGR,Bulgaria,2016,11,78.53571428571429
10811,2007-0235-BGR,Bulgaria,2016,12,70.35714285714286
11376,2007-0235-AUT,Austria,2016,1,82.6
11377,2007-0235-AUT,Austria,2016,2,80.6
11378,2007-0235-AUT,Austria,2016,3,74.8
11379,2007-0235-AUT,Austria,2016,4,70.0
11380,2007-0235-AUT,Austria,2016,5,74.8
11381,2007-0235-AUT,Austria,2016,6,77.0
11382,2007-0235-AUT,Austria,2016,7,74.4
11383,2007-0235-AUT,Austria,2016,8,76.4
11384,2007-0235-AUT,Austria,2016,9,78.0
11385,2007-0235-AUT,Austria,2016,10,84.8
11386,2007-0235-AUT,Austria,2016,11,84.2
11387,2007-0235-AUT,Austria,2016,12,78.4
11520,2019-0223-IND,India,2016,1,57.4
11521,2019-0223-IND,India,2016,2,50.8
11522,2019-0223-IND,India,2016,3,46.2
11523,2019-0223-IND,India,2016,4,39.8
11524,2019-0223-IND,India,2016,5,48.2
11525,2019-0223-IND,India,2016,6,63.6
11526,2019-0223-IND,India,2016,7,81.6
11527,2019-0223-IND,India,2016,8,83.8
11528,2019-0223-IND,India,2016,9,77.2
11529,2019-0223-IND,India,2016,10,69.0
11530,2019-0223-IND,India,2016,11,58.6
11531,2019-0223-IND,India,2016,12,61.4
11952,2018-0235-BEL,Belgium,2016,1,88.0
11953,2018-0235-BEL,Belgium,2016,2,84.0
11954,2018-0235-BEL,Belgium,2016,3,80.0
11955,2018-0235-BEL,Belgium,2016,4,77.0
11956,2018-0235-BEL,Belgium,2016,5,76.0
11957,2018-0235-BEL,Belgium,2016,6,85.0
11958,2018-0235-BEL,Belgium,2016,7,76.0
11959,2018-0235-BEL,Belgium,2016,8,74.0
11960,2018-0235-BEL,Belgium,2016,9,76.0
11961,2018-0235-BEL,Belgium,2016,10,86.0
11962,2018-0235-BEL,Belgium,2016,11,87.0
11963,2018-0235-BEL,Belgium,2016,12,89.0
12096,2004-0333-ROU,Romania,2016,1,83.85365853658537
12097,2004-0333-ROU,Romania,2016,2,80.53658536585365
12098,2004-0333-ROU,Romania,2016,3,75.85365853658537
12099,2004-0333-ROU,Romania,2016,4,69.51219512195122
12100,2004-0333-ROU,Romania,2016,5,74.4390243902439
12101,2004-0333-ROU,Romania,2016,6,73.6829268292683
12102,2004-0333-ROU,Romania,2016,7,65.5609756097561
12103,2004-0333-ROU,Romania,2016,8,68.39024390243902
12104,2004-0333-ROU,Romania,2016,9,68.90243902439025
12105,2004-0333-ROU,Romania,2016,10,81.85365853658537
12106,2004-0333-ROU,Romania,2016,11,82.65853658536585
12107,2004-0333-ROU,Romania,2016,12,78.21951219512195
12384,2003-0391-LUX,Luxembourg,2016,1,88.0
12385,2003-0391-LUX,Luxembourg,2016,2,82.0
12386,2003-0391-LUX,Luxembourg,2016,3,78.0
12387,2003-0391-LUX,Luxembourg,2016,4,76.0
12388,2003-0391-LUX,Luxembourg,2016,5,76.0
12389,2003-0391-LUX,Luxembourg,2016,6,82.0
12390,2003-0391-LUX,Luxembourg,2016,7,72.0
12391,2003-0391-LUX,Luxembourg,2016,8,69.0
12392,2003-0391-LUX,Luxembourg,2016,9,71.0
12393,2003-0391-LUX,Luxembourg,2016,10,86.0
12394,2003-0391-LUX,Luxembourg,2016,11,86.0
12395,2003-0391-LUX,Luxembourg,2016,12,92.0
12528,2019-0296-FRA,France,2016,1,76.5
12529,2019-0296-FRA,France,2016,2,72.0
12530,2019-0296-FRA,France,2016,3,70.5
12531,2019-0296-FRA,France,2016,4,71.5
12532,2019-0296-FRA,France,2016,5,72.25
12533,2019-0296-FRA,France,2016,6,71.0
12534,2019-0296-FRA,France,2016,7,68.25
12535,2019-0296-FRA,France,2016,8,67.5
12536,2019-0296-FRA,France,2016,9,69.0
12537,2019-0296-FRA,France,2016,10,73.0
12538,2019-0296-FRA,France,2016,11,75.75
12539,2019-0296-FRA,France,2016,12,76.0
12672,2020-0530-FRA,France,2016,1,86.0
12673,2020-0530-FRA,France,2016,2,81.0
12674,2020-0530-FRA,France,2016,3,76.0
12675,2020-0530-FRA,France,2016,4,75.0
12676,2020-0530-FRA,France,2016,5,76.0
12677,2020-0530-FRA,France,2016,6,83.0
12678,2020-0530-FRA,France,2016,7,67.0
12679,2020-0530-FRA,France,2016,8,63.0
12680,2020-0530-FRA,France,2016,9,72.0
12681,2020-0530-FRA,France,2016,10,82.0
12682,2020-0530-FRA,France,2016,11,85.0
12683,2020-0530-FRA,France,2016,12,90.0
12960,2003-0391-DEU,Germany,2016,1,86.875
12961,2003-0391-DEU,Germany,2016,2,82.3125
12962,2003-0391-DEU,Germany,2016,3,79.6875
12963,2003-0391-DEU,Germany,2016,4,72.375
12964,2003-0391-DEU,Germany,2016,5,69.3125
12965,2003-0391-DEU,Germany,2016,6,76.4375
12966,2003-0391-DEU,Germany,2016,7,72.1875
12967,2003-0391-DEU,Germany,2016,8,72.375
12968,2003-0391-DEU,Germany,2016,9,72.0
12969,2003-0391-DEU,Germany,2016,10,87.625
12970,2003-0391-DEU,Germany,2016,11,86.25
12971,2003-0391-DEU,Germany,2016,12,88.1875
13104,2006-0383-DEU,Germany,2016,1,86.5
13105,2006-0383-DEU,Germany,2016,2,82.5
13106,2006-0383-DEU,Germany,2016,3,79.5
13107,2006-0383-DEU,Germany,2016,4,72.0
13108,2006-0383-DEU,Germany,2016,5,70.5
13109,2006-0383-DEU,Germany,2016,6,78.5
13110,2006-0383-DEU,Germany,2016,7,73.0
13111,2006-0383-DEU,Germany,2016,8,72.5
13112,2006-0383-DEU,Germany,2016,9,73.0
13113,2006-0383-DEU,Germany,2016,10,89.0
13114,2006-0383-DEU,Germany,2016,11,86.0
13115,2006-0383-DEU,Germany,2016,12,88.0
13248,2003-0391-FRA,France,2016,1,82.45454545454545
13249,2003-0391-FRA,France,2016,2,79.5
13250,2003-0391-FRA,France,2016,3,75.22727272727273
13251,2003-0391-FRA,France,2016,4,74.72727272727273
13252,2003-0391-FRA,France,2016,5,75.9090909090909
13253,2003-0391-FRA,France,2016,6,80.13636363636364
13254,2003-0391-FRA,France,2016,7,72.0
13255,2003-0391-FRA,France,2016,8,69.68181818181819
13256,2003-0391-FRA,France,2016,9,73.0
13257,2003-0391-FRA,France,2016,10,80.0
13258,2003-0391-FRA,France,2016,11,81.86363636363636
13259,2003-0391-FRA,France,2016,12,83.04545454545455
13536,2000-0473-ISR,Israel,2016,1,66.83333333333333
13537,2000-0473-ISR,Israel,2016,2,66.33333333333333
13538,2000-0473-ISR,Israel,2016,3,59.666666666666664
13539,2000-0473-ISR,Israel,2016,4,58.0
13540,2000-0473-ISR,Israel,2016,5,57.833333333333336
13541,2000-0473-ISR,Israel,2016,6,59.5
13542,2000-0473-ISR,Israel,2016,7,65.16666666666667
13543,2000-0473-ISR,Israel,2016,8,66.66666666666667
13544,2000-0473-ISR,Israel,2016,9,63.166666666666664
13545,2000-0473-ISR,Israel,2016,10,65.0
13546,2000-0473-ISR,Israel,2016,11,51.666666666666664
13547,2000-0473-ISR,Israel,2016,12,64.66666666666667
13680,2016-0538-JPN,Japan,2016,1,58.333333333333336
13681,2016-0538-JPN,Japan,2016,2,58.666666666666664
13682,2016-0538-JPN,Japan,2016,3,65.66666666666667
13683,2016-0538-JPN,Japan,2016,4,70.66666666666667
13684,2016-0538-JPN,Japan,2016,5,73.66666666666667
13685,2016-0538-JPN,Japan,2016,6,79.66666666666667
13686,2016-0538-JPN,Japan,2016,7,79.66666666666667
13687,2016-0538-JPN,Japan,2016,8,79.33333333333333
13688,2016-0538-JPN,Japan,2016,9,84.33333333333333
13689,2016-0538-JPN,Japan,2016,10,78.33333333333333
13690,2016-0538-JPN,Japan,2016,11,72.33333333333333
13691,2016-0538-JPN,Japan,2016,12,61.333333333333336
13824,2001-0779-NZL,New Zealand,2016,1,80.4
13825,2001-0779-NZL,New Zealand,2016,2,77.6
13826,2001-0779-NZL,New Zealand,2016,3,77.0
13827,2001-0779-NZL,New Zealand,2016,4,77.0
13828,2001-0779-NZL,New Zealand,2016,5,81.0
13829,2001-0779-NZL,New Zealand,2016,6,82.8
13830,2001-0779-NZL,New Zealand,2016,7,80.6
13831,2001-0779-NZL,New Zealand,2016,8,83.0
13832,2001-0779-NZL,New Zealand,2016,9,80.2
13833,2001-0779-NZL,New Zealand,2016,10,78.8
13834,2001-0779-NZL,New Zealand,2016,11,78.2
13835,2001-0779-NZL,New Zealand,2016,12,76.6
14688,2011-0329-ITA,Italy,2016,1,74.42857142857143
14689,2011-0329-ITA,Italy,2016,2,77.14285714285714
14690,2011-0329-ITA,Italy,2016,3,72.71428571428571
14691,2011-0329-ITA,Italy,2016,4,73.0
14692,2011-0329-ITA,Italy,2016,5,72.42857142857143
14693,2011-0329-ITA,Italy,2016,6,74.57142857142857
14694,2011-0329-ITA,Italy,2016,7,68.57142857142857
14695,2011-0329-ITA,Italy,2016,8,68.71428571428571
14696,2011-0329-ITA,Italy,2016,9,70.71428571428571
14697,2011-0329-ITA,Italy,2016,10,76.85714285714286
14698,2011-0329-ITA,Italy,2016,11,77.57142857142857
14699,2011-0329-ITA,Italy,2016,12,73.0
14976,2017-0144-IND,India,2016,1,58.75
14977,2017-0144-IND,India,2016,2,57.25
14978,2017-0144-IND,India,2016,3,56.0
14979,2017-0144-IND,India,2016,4,51.5
14980,2017-0144-IND,India,2016,5,56.0
14981,2017-0144-IND,India,2016,6,70.25
14982,2017-0144-IND,India,2016,7,76.0
14983,2017-0144-IND,India,2016,8,72.5
14984,2017-0144-IND,India,2016,9,77.75
14985,2017-0144-IND,India,2016,10,68.25
14986,2017-0144-IND,India,2016,11,63.0
14987,2017-0144-IND,India,2016,12,63.25
15552,2006-0237-IND,India,2016,1,71.5
15553,2006-0237-IND,India,2016,2,64.0
15554,2006-0237-IND,India,2016,3,64.0
15555,2006-0237-IND,India,2016,4,50.5
15556,2006-0237-IND,India,2016,5,54.5
15557,2006-0237-IND,India,2016,6,66.5
15558,2006-0237-IND,India,2016,7,78.75
15559,2006-0237-IND,India,2016,8,79.5
15560,2006-0237-IND,India,2016,9,76.0
15561,2006-0237-IND,India,2016,10,71.75
15562,2006-0237-IND,India,2016,11,69.5
15563,2006-0237-IND,India,2016,12,73.75
16128,2007-0235-GRC,Greece,2016,1,76.0
16129,2007-0235-GRC,Greece,2016,2,75.14285714285714
16130,2007-0235-GRC,Greece,2016,3,74.57142857142857
16131,2007-0235-GRC,Greece,2016,4,69.28571428571429
16132,2007-0235-GRC,Greece,2016,5,71.14285714285714
16133,2007-0235-GRC,Greece,2016,6,69.28571428571429
16134,2007-0235-GRC,Greece,2016,7,63.714285714285715
16135,2007-0235-GRC,Greece,2016,8,62.857142857142854
16136,2007-0235-GRC,Greece,2016,9,70.0
16137,2007-0235-GRC,Greece,2016,10,74.85714285714286
16138,2007-0235-GRC,Greece,2016,11,76.28571428571429
16139,2007-0235-GRC,Greece,2016,12,68.57142857142857
16992,2004-0333-ALB,Albania,2016,1,71.0
16993,2004-0333-ALB,Albania,2016,2,74.0
16994,2004-0333-ALB,Albania,2016,3,72.0
16995,2004-0333-ALB,Albania,2016,4,80.0
16996,2004-0333-ALB,Albania,2016,5,79.0
16997,2004-0333-ALB,Albania,2016,6,82.0
16998,2004-0333-ALB,Albania,2016,7,81.0
16999,2004-0333-ALB,Albania,2016,8,81.0
17000,2004-0333-ALB,Albania,2016,9,75.0
17001,2004-0333-ALB,Albania,2016,10,72.0
17002,2004-0333-ALB,Albania,2016,11,73.0
17003,2004-0333-ALB,Albania,2016,12,61.0
17712,2016-0133-IND,India,2016,1,63.285714285714285
17713,2016-0133-IND,India,2016,2,55.42857142857143
17714,2016-0133-IND,India,2016,3,48.285714285714285
17715,2016-0133-IND,India,2016,4,38.285714285714285
17716,2016-0133-IND,India,2016,5,51.0
17717,2016-0133-IND,India,2016,6,64.14285714285714
17718,2016-0133-IND,India,2016,7,77.42857142857143
17719,2016-0133-IND,India,2016,8,78.14285714285714
17720,2016-0133-IND,India,2016,9,76.28571428571429
17721,2016-0133-IND,India,2016,10,67.14285714285714
17722,2016-0133-IND,India,2016,11,62.714285714285715
17723,2016-0133-IND,India,2016,12,67.57142857142857
17856,2001-0770-USA,United States of America (the),2016,1,73.91666666666667
17857,2001-0770-USA,United States of America (the),2016,2,70.5
17858,2001-0770-USA,United States of America (the),2016,3,67.91666666666667
17859,2001-0770-USA,United States of America (the),2016,4,62.416666666666664
17860,2001-0770-USA,United States of America (the),2016,5,65.75
17861,2001-0770-USA,United States of America (the),2016,6,63.0
17862,2001-0770-USA,United States of America (the),2016,7,72.75
17863,2001-0770-USA,United States of America (the),2016,8,75.83333333333333
17864,2001-0770-USA,United States of America (the),2016,9,73.16666666666667
17865,2001-0770-USA,United States of America (the),2016,10,73.16666666666667
17866,2001-0770-USA,United States of America (the),2016,11,72.5
17867,2001-0770-USA,United States of America (the),2016,12,73.25
18144,2000-0351-PAK,Pakistan,2016,1,74.0
18145,2000-0351-PAK,Pakistan,2016,2,71.0
18146,2000-0351-PAK,Pakistan,2016,3,73.0
18147,2000-0351-PAK,Pakistan,2016,4,80.0
18148,2000-0351-PAK,Pakistan,2016,5,81.0
18149,2000-0351-PAK,Pakistan,2016,6,80.0
18150,2000-0351-PAK,Pakistan,2016,7,78.0
18151,2000-0351-PAK,Pakistan,2016,8,75.0
18152,2000-0351-PAK,Pakistan,2016,9,74.0
18153,2000-0351-PAK,Pakistan,2016,10,76.0
18154,2000-0351-PAK,Pakistan,2016,11,71.0
18155,2000-0351-PAK,Pakistan,2016,12,77.0
19008,2015-0611-JPN,Japan,2016,1,67.5
19009,2015-0611-JPN,Japan,2016,2,65.5
19010,2015-0611-JPN,Japan,2016,3,68.16666666666667
19011,2015-0611-JPN,Japan,2016,4,71.16666666666667
19012,2015-0611-JPN,Japan,2016,5,72.33333333333333
19013,2015-0611-JPN,Japan,2016,6,80.33333333333333
19014,2015-0611-JPN,Japan,2016,7,82.5
19015,2015-0611-JPN,Japan,2016,8,79.83333333333333
19016,2015-0611-JPN,Japan,2016,9,85.66666666666667
19017,2015-0611-JPN,Japan,2016,10,75.83333333333333
19018,2015-0611-JPN,Japan,2016,11,75.33333333333333
19019,2015-0611-JPN,Japan,2016,12,68.83333333333333
21024,2000-0383-SCG,Serbia Montenegro,2016,1,82.0
21025,2000-0383-SCG,Serbia Montenegro,2016,2,77.33333333333333
21026,2000-0383-SCG,Serbia Montenegro,2016,3,75.33333333333333
21027,2000-0383-SCG,Serbia Montenegro,2016,4,65.66666666666667
21028,2000-0383-SCG,Serbia Montenegro,2016,5,73.33333333333333
21029,2000-0383-SCG,Serbia Montenegro,2016,6,71.33333333333333
21030,2000-0383-SCG,Serbia Montenegro,2016,7,68.33333333333333
21031,2000-0383-SCG,Serbia Montenegro,2016,8,73.33333333333333
21032,2000-0383-SCG,Serbia Montenegro,2016,9,74.0
21033,2000-0383-SCG,Serbia Montenegro,2016,10,81.66666666666667
21034,2000-0383-SCG,Serbia Montenegro,2016,11,79.66666666666667
21035,2000-0383-SCG,Serbia Montenegro,2016,12,75.33333333333333
21456,2007-0235-ITA,Italy,2016,1,75.33333333333333
21457,2007-0235-ITA,Italy,2016,2,77.33333333333333
21458,2007-0235-ITA,Italy,2016,3,71.66666666666667
21459,2007-0235-ITA,Italy,2016,4,72.0
21460,2007-0235-ITA,Italy,2016,5,73.66666666666667
21461,2007-0235-ITA,Italy,2016,6,76.0
21462,2007-0235-ITA,Italy,2016,7,74.33333333333333
21463,2007-0235-ITA,Italy,2016,8,74.0
21464,2007-0235-ITA,Italy,2016,9,73.0
21465,2007-0235-ITA,Italy,2016,10,77.33333333333333
21466,2007-0235-ITA,Italy,2016,11,77.66666666666667
21467,2007-0235-ITA,Italy,2016,12,68.0
21600,2003-0391-CZE,Czech Republic (the),2016,1,86.125
21601,2003-0391-CZE,Czech Republic (the),2016,2,81.375
21602,2003-0391-CZE,Czech Republic (the),2016,3,78.125
21603,2003-0391-CZE,Czech Republic (the),2016,4,71.0
21604,2003-0391-CZE,Czech Republic (the),2016,5,69.625
21605,2003-0391-CZE,Czech Republic (the),2016,6,73.875
21606,2003-0391-CZE,Czech Republic (the),2016,7,71.125
21607,2003-0391-CZE,Czech Republic (the),2016,8,70.625
21608,2003-0391-CZE,Czech Republic (the),2016,9,71.875
21609,2003-0391-CZE,Czech Republic (the),2016,10,86.25
21610,2003-0391-CZE,Czech Republic (the),2016,11,86.0
21611,2003-0391-CZE,Czech Republic (the),2016,12,86.5
21744,2013-0208-IND,India,2016,1,64.66666666666667
21745,2013-0208-IND,India,2016,2,63.333333333333336
21746,2013-0208-IND,India,2016,3,61.75
21747,2013-0208-IND,India,2016,4,58.916666666666664
21748,2013-0208-IND,India,2016,5,59.166666666666664
21749,2013-0208-IND,India,2016,6,71.75
21750,2013-0208-IND,India,2016,7,75.5
21751,2013-0208-IND,India,2016,8,71.16666666666667
21752,2013-0208-IND,India,2016,9,80.0
21753,2013-0208-IND,India,2016,10,69.41666666666667
21754,2013-0208-IND,India,2016,11,66.58333333333333
21755,2013-0208-IND,India,2016,12,68.08333333333333
22464,2005-0323-IND,India,2016,1,67.33333333333333
22465,2005-0323-IND,India,2016,2,63.0
22466,2005-0323-IND,India,2016,3,55.166666666666664
22467,2005-0323-IND,India,2016,4,44.833333333333336
22468,2005-0323-IND,India,2016,5,55.666666666666664
22469,2005-0323-IND,India,2016,6,68.5
22470,2005-0323-IND,India,2016,7,80.33333333333333
22471,2005-0323-IND,India,2016,8,78.83333333333333
22472,2005-0323-IND,India,2016,9,81.0
22473,2005-0323-IND,India,2016,10,70.0
22474,2005-0323-IND,India,2016,11,65.33333333333333
22475,2005-0323-IND,India,2016,12,69.66666666666667
23616,2000-0382-BGR,Bulgaria,2016,1,76.25
23617,2000-0382-BGR,Bulgaria,2016,2,73.75
23618,2000-0382-BGR,Bulgaria,2016,3,71.25
23619,2000-0382-BGR,Bulgaria,2016,4,64.75
23620,2000-0382-BGR,Bulgaria,2016,5,71.0
23621,2000-0382-BGR,Bulgaria,2016,6,65.5
23622,2000-0382-BGR,Bulgaria,2016,7,59.75
23623,2000-0382-BGR,Bulgaria,2016,8,62.0
23624,2000-0382-BGR,Bulgaria,2016,9,64.0
23625,2000-0382-BGR,Bulgaria,2016,10,75.75
23626,2000-0382-BGR,Bulgaria,2016,11,75.75
23627,2000-0382-BGR,Bulgaria,2016,12,68.75
24912,2013-0365-BOL,Bolivia (Plurinational State of),2016,1,76.57142857142857
24913,2013-0365-BOL,Bolivia (Plurinational State of),2016,2,77.14285714285714
24914,2013-0365-BOL,Bolivia (Plurinational State of),2016,3,76.28571428571429
24915,2013-0365-BOL,Bolivia (Plurinational State of),2016,4,74.57142857142857
24916,2013-0365-BOL,Bolivia (Plurinational State of),2016,5,75.42857142857143
24917,2013-0365-BOL,Bolivia (Plurinational State of),2016,6,75.14285714285714
24918,2013-0365-BOL,Bolivia (Plurinational State of),2016,7,70.85714285714286
24919,2013-0365-BOL,Bolivia (Plurinational State of),2016,8,71.71428571428571
24920,2013-0365-BOL,Bolivia (Plurinational State of),2016,9,73.71428571428571
24921,2013-0365-BOL,Bolivia (Plurinational State of),2016,10,74.71428571428571
24922,2013-0365-BOL,Bolivia (Plurinational State of),2016,11,74.57142857142857
24923,2013-0365-BOL,Bolivia (Plurinational State of),2016,12,73.71428571428571
25488,2015-0410-BEL,Belgium,2016,1,87.66666666666667
25489,2015-0410-BEL,Belgium,2016,2,83.66666666666667
25490,2015-0410-BEL,Belgium,2016,3,79.66666666666667
25491,2015-0410-BEL,Belgium,2016,4,75.66666666666667
25492,2015-0410-BEL,Belgium,2016,5,74.0
25493,2015-0410-BEL,Belgium,2016,6,84.66666666666667
25494,2015-0410-BEL,Belgium,2016,7,75.66666666666667
25495,2015-0410-BEL,Belgium,2016,8,75.66666666666667
25496,2015-0410-BEL,Belgium,2016,9,75.0
25497,2015-0410-BEL,Belgium,2016,10,85.66666666666667
25498,2015-0410-BEL,Belgium,2016,11,86.66666666666667
25499,2015-0410-BEL,Belgium,2016,12,89.0
25920,2002-0284-PAK,Pakistan,2016,1,64.33333333333333
25921,2002-0284-PAK,Pakistan,2016,2,54.333333333333336
25922,2002-0284-PAK,Pakistan,2016,3,63.333333333333336
25923,2002-0284-PAK,Pakistan,2016,4,48.666666666666664
25924,2002-0284-PAK,Pakistan,2016,5,45.666666666666664
25925,2002-0284-PAK,Pakistan,2016,6,54.666666666666664
25926,2002-0284-PAK,Pakistan,2016,7,63.0
25927,2002-0284-PAK,Pakistan,2016,8,58.333333333333336
25928,2002-0284-PAK,Pakistan,2016,9,60.0
25929,2002-0284-PAK,Pakistan,2016,10,55.333333333333336
25930,2002-0284-PAK,Pakistan,2016,11,58.0
25931,2002-0284-PAK,Pakistan,2016,12,63.333333333333336
26208,2001-0404-RUS,Russian Federation (the),2016,1,83.5
26209,2001-0404-RUS,Russian Federation (the),2016,2,84.0
26210,2001-0404-RUS,Russian Federation (the),2016,3,78.0
26211,2001-0404-RUS,Russian Federation (the),2016,4,67.5
26212,2001-0404-RUS,Russian Federation (the),2016,5,65.5
26213,2001-0404-RUS,Russian Federation (the),2016,6,68.5
26214,2001-0404-RUS,Russian Federation (the),2016,7,72.5
26215,2001-0404-RUS,Russian Federation (the),2016,8,74.5
26216,2001-0404-RUS,Russian Federation (the),2016,9,80.5
26217,2001-0404-RUS,Russian Federation (the),2016,10,80.0
26218,2001-0404-RUS,Russian Federation (the),2016,11,86.5
26219,2001-0404-RUS,Russian Federation (the),2016,12,88.5
27072,2003-0391-BEL,Belgium,2016,1,86.66666666666667
27073,2003-0391-BEL,Belgium,2016,2,83.0
27074,2003-0391-BEL,Belgium,2016,3,79.33333333333333
27075,2003-0391-BEL,Belgium,2016,4,75.66666666666667
27076,2003-0391-BEL,Belgium,2016,5,74.0
27077,2003-0391-BEL,Belgium,2016,6,84.33333333333333
27078,2003-0391-BEL,Belgium,2016,7,75.33333333333333
27079,2003-0391-BEL,Belgium,2016,8,74.33333333333333
27080,2003-0391-BEL,Belgium,2016,9,75.0
27081,2003-0391-BEL,Belgium,2016,10,85.0
27082,2003-0391-BEL,Belgium,2016,11,86.66666666666667
27083,2003-0391-BEL,Belgium,2016,12,89.0
27360,2015-0575-JPN,Japan,2016,1,65.66666666666667
27361,2015-0575-JPN,Japan,2016,2,65.66666666666667
27362,2015-0575-JPN,Japan,2016,3,68.33333333333333
27363,2015-0575-JPN,Japan,2016,4,75.33333333333333
27364,2015-0575-JPN,Japan,2016,5,75.33333333333333
27365,2015-0575-JPN,Japan,2016,6,82.66666666666667
27366,2015-0575-JPN,Japan,2016,7,83.66666666666667
27367,2015-0575-JPN,Japan,2016,8,81.33333333333333
27368,2015-0575-JPN,Japan,2016,9,82.66666666666667
27369,2015-0575-JPN,Japan,2016,10,72.0
27370,2015-0575-JPN,Japan,2016,11,73.0
27371,2015-0575-JPN,Japan,2016,12,68.66666666666667
27504,2002-0290-IND,India,2016,1,66.33333333333333
27505,2002-0290-IND,India,2016,2,58.0
27506,2002-0290-IND,India,2016,3,52.888888888888886
27507,2002-0290-IND,India,2016,4,37.77777777777778
27508,2002-0290-IND,India,2016,5,47.333333333333336
27509,2002-0290-IND,India,2016,6,61.111111111111114
27510,2002-0290-IND,India,2016,7,80.0
27511,2002-0290-IND,India,2016,8,81.55555555555556
27512,2002-0290-IND,India,2016,9,75.77777777777777
27513,2002-0290-IND,India,2016,10,65.55555555555556
27514,2002-0290-IND,India,2016,11,61.666666666666664
27515,2002-0290-IND,India,2016,12,67.44444444444444
27648,2003-0250-IND,India,2016,1,63.2
27649,2003-0250-IND,India,2016,2,57.6
27650,2003-0250-IND,India,2016,3,51.4
27651,2003-0250-IND,India,2016,4,42.1
27652,2003-0250-IND,India,2016,5,53.9
27653,2003-0250-IND,India,2016,6,67.5
27654,2003-0250-IND,India,2016,7,81.5
27655,2003-0250-IND,India,2016,8,81.0
27656,2003-0250-IND,India,2016,9,78.9
27657,2003-0250-IND,India,2016,10,69.6
27658,2003-0250-IND,India,2016,11,63.7
27659,2003-0250-IND,India,2016,12,66.6
28512,2007-0235-ROU,Romania,2016,1,86.28571428571429
28513,2007-0235-ROU,Romania,2016,2,80.42857142857143
28514,2007-0235-ROU,Romania,2016,3,77.57142857142857
28515,2007-0235-ROU,Romania,2016,4,70.85714285714286
28516,2007-0235-ROU,Romania,2016,5,74.28571428571429
28517,2007-0235-ROU,Romania,2016,6,72.42857142857143
28518,2007-0235-ROU,Romania,2016,7,61.857142857142854
28519,2007-0235-ROU,Romania,2016,8,65.85714285714286
28520,2007-0235-ROU,Romania,2016,9,67.0
28521,2007-0235-ROU,Romania,2016,10,80.28571428571429
28522,2007-0235-ROU,Romania,2016,11,82.28571428571429
28523,2007-0235-ROU,Romania,2016,12,79.28571428571429
30384,2018-0235-DEU,Germany,2016,1,88.0
30385,2018-0235-DEU,Germany,2016,2,83.0
30386,2018-0235-DEU,Germany,2016,3,81.0
30387,2018-0235-DEU,Germany,2016,4,72.0
30388,2018-0235-DEU,Germany,2016,5,71.0
30389,2018-0235-DEU,Germany,2016,6,78.0
30390,2018-0235-DEU,Germany,2016,7,72.0
30391,2018-0235-DEU,Germany,2016,8,72.0
30392,2018-0235-DEU,Germany,2016,9,72.0
30393,2018-0235-DEU,Germany,2016,10,90.0
30394,2018-0235-DEU,Germany,2016,11,87.0
30395,2018-0235-DEU,Germany,2016,12,89.0
31104,2007-0235-TUR,Turkey,2016,1,73.5
31105,2007-0235-TUR,Turkey,2016,2,71.5
31106,2007-0235-TUR,Turkey,2016,3,66.5
31107,2007-0235-TUR,Turkey,2016,4,57.0
31108,2007-0235-TUR,Turkey,2016,5,64.0
31109,2007-0235-TUR,Turkey,2016,6,53.5
31110,2007-0235-TUR,Turkey,2016,7,51.0
31111,2007-0235-TUR,Turkey,2016,8,55.0
31112,2007-0235-TUR,Turkey,2016,9,55.5
31113,2007-0235-TUR,Turkey,2016,10,62.0
31114,2007-0235-TUR,Turkey,2016,11,64.5
31115,2007-0235-TUR,Turkey,2016,12,70.5
33120,2015-0189-IND,India,2016,1,74.33333333333333
33121,2015-0189-IND,India,2016,2,70.33333333333333
33122,2015-0189-IND,India,2016,3,66.66666666666667
33123,2015-0189-IND,India,2016,4,57.0
33124,2015-0189-IND,India,2016,5,60.666666666666664
33125,2015-0189-IND,India,2016,6,67.33333333333333
33126,2015-0189-IND,India,2016,7,77.0
33127,2015-0189-IND,India,2016,8,76.0
33128,2015-0189-IND,India,2016,9,75.0
33129,2015-0189-IND,India,2016,10,64.66666666666667
33130,2015-0189-IND,India,2016,11,66.0
33131,2015-0189-IND,India,2016,12,71.33333333333333
33264,2003-0391-NLD,Netherlands (the),2016,1,85.66666666666667
33265,2003-0391-NLD,Netherlands (the),2016,2,81.16666666666667
33266,2003-0391-NLD,Netherlands (the),2016,3,80.58333333333333
33267,2003-0391-NLD,Netherlands (the),2016,4,75.5
33268,2003-0391-NLD,Netherlands (the),2016,5,72.75
33269,2003-0391-NLD,Netherlands (the),2016,6,82.33333333333333
33270,2003-0391-NLD,Netherlands (the),2016,7,78.08333333333333
33271,2003-0391-NLD,Netherlands (the),2016,8,77.33333333333333
33272,2003-0391-NLD,Netherlands (the),2016,9,75.91666666666667
33273,2003-0391-NLD,Netherlands (the),2016,10,84.16666666666667
33274,2003-0391-NLD,Netherlands (the),2016,11,85.83333333333333
33275,2003-0391-NLD,Netherlands (the),2016,12,89.08333333333333
34128,2009-0616-AUS,Australia,2016,1,55.666666666666664
34129,2009-0616-AUS,Australia,2016,2,53.333333333333336
34130,2009-0616-AUS,Australia,2016,3,58.333333333333336
34131,2009-0616-AUS,Australia,2016,4,60.333333333333336
34132,2009-0616-AUS,Australia,2016,5,76.33333333333333
34133,2009-0616-AUS,Australia,2016,6,84.66666666666667
34134,2009-0616-AUS,Australia,2016,7,82.33333333333333
34135,2009-0616-AUS,Australia,2016,8,78.66666666666667
34136,2009-0616-AUS,Australia,2016,9,80.66666666666667
34137,2009-0616-AUS,Australia,2016,10,68.0
34138,2009-0616-AUS,Australia,2016,11,61.666666666666664
34139,2009-0616-AUS,Australia,2016,12,57.666666666666664
36432,2010-0057-BRA,Brazil,2016,1,70.66666666666667
36433,2010-0057-BRA,Brazil,2016,2,65.66666666666667
36434,2010-0057-BRA,Brazil,2016,3,64.33333333333333
36435,2010-0057-BRA,Brazil,2016,4,67.66666666666667
36436,2010-0057-BRA,Brazil,2016,5,57.666666666666664
36437,2010-0057-BRA,Brazil,2016,6,57.666666666666664
36438,2010-0057-BRA,Brazil,2016,7,54.0
36439,2010-0057-BRA,Brazil,2016,8,54.333333333333336
36440,2010-0057-BRA,Brazil,2016,9,54.0
36441,2010-0057-BRA,Brazil,2016,10,60.0
36442,2010-0057-BRA,Brazil,2016,11,64.33333333333333
36443,2010-0057-BRA,Brazil,2016,12,70.33333333333333
36864,2000-0433-USA,United States of America (the),2016,1,63.666666666666664
36865,2000-0433-USA,United States of America (the),2016,2,61.333333333333336
36866,2000-0433-USA,United States of America (the),2016,3,64.0
36867,2000-0433-USA,United States of America (the),2016,4,65.33333333333333
36868,2000-0433-USA,United States of America (the),2016,5,63.666666666666664
36869,2000-0433-USA,United States of America (the),2016,6,66.0
36870,2000-0433-USA,United States of America (the),2016,7,63.666666666666664
36871,2000-0433-USA,United States of America (the),2016,8,71.33333333333333
36872,2000-0433-USA,United States of America (the),2016,9,66.66666666666667
36873,2000-0433-USA,United States of America (the),2016,10,58.666666666666664
36874,2000-0433-USA,United States of America (the),2016,11,59.0
36875,2000-0433-USA,United States of America (the),2016,12,69.0
39024,2018-0235-GBR,United Kingdom of Great Britain and Northern Ireland (the),2016,1,72.0
39025,2018-0235-GBR,United Kingdom of Great Britain and Northern Ireland (the),2016,2,74.0
39026,2018-0235-GBR,United Kingdom of Great Britain and Northern Ireland (the),2016,3,74.0
39027,2018-0235-GBR,United Kingdom of Great Britain and Northern Ireland (the),2016,4,82.0
39028,2018-0235-GBR,United Kingdom of Great Britain and Northern Ireland (the),2016,5,86.0
39029,2018-0235-GBR,United Kingdom of Great Britain and Northern Ireland (the),2016,6,92.0
39030,2018-0235-GBR,United Kingdom of Great Britain and Northern Ireland (the),2016,7,94.0
39031,2018-0235-GBR,United Kingdom of Great Britain and Northern Ireland (the),2016,8,91.0
39032,2018-0235-GBR,United Kingdom of Great Britain and Northern Ireland (the),2016,9,86.0
39033,2018-0235-GBR,United Kingdom of Great Britain and Northern Ireland (the),2016,10,82.0
39034,2018-0235-GBR,United Kingdom of Great Britain and Northern Ireland (the),2016,11,75.0
39035,2018-0235-GBR,United Kingdom of Great Britain and Northern Ireland (the),2016,12,78.0
41760,2019-0366-DEU,Germany,2016,1,87.0
41761,2019-0366-DEU,Germany,2016,2,82.0
41762,2019-0366-DEU,Germany,2016,3,80.0
41763,2019-0366-DEU,Germany,2016,4,71.0
41764,2019-0366-DEU,Germany,2016,5,68.0
41765,2019-0366-DEU,Germany,2016,6,75.0
41766,2019-0366-DEU,Germany,2016,7,68.0
41767,2019-0366-DEU,Germany,2016,8,70.0
41768,2019-0366-DEU,Germany,2016,9,73.0
41769,2019-0366-DEU,Germany,2016,10,90.0
41770,2019-0366-DEU,Germany,2016,11,87.0
41771,2019-0366-DEU,Germany,2016,12,87.0
42048,2019-0217-IND,India,2016,1,72.0
42049,2019-0217-IND,India,2016,2,62.5
42050,2019-0217-IND,India,2016,3,49.75
42051,2019-0217-IND,India,2016,4,34.0
42052,2019-0217-IND,India,2016,5,51.25
42053,2019-0217-IND,India,2016,6,62.25
42054,2019-0217-IND,India,2016,7,82.0
42055,2019-0217-IND,India,2016,8,82.75
42056,2019-0217-IND,India,2016,9,85.75
42057,2019-0217-IND,India,2016,10,76.75
42058,2019-0217-IND,India,2016,11,72.25
42059,2019-0217-IND,India,2016,12,79.5
43344,2006-0383-ESP,Spain,2016,1,71.5
43345,2006-0383-ESP,Spain,2016,2,71.5
43346,2006-0383-ESP,Spain,2016,3,73.5
43347,2006-0383-ESP,Spain,2016,4,77.0
43348,2006-0383-ESP,Spain,2016,5,79.5
43349,2006-0383-ESP,Spain,2016,6,85.0
43350,2006-0383-ESP,Spain,2016,7,82.5
43351,2006-0383-ESP,Spain,2016,8,77.0
43352,2006-0383-ESP,Spain,2016,9,75.5
43353,2006-0383-ESP,Spain,2016,10,75.5
43354,2006-0383-ESP,Spain,2016,11,73.0
43355,2006-0383-ESP,Spain,2016,12,73.5
43632,2006-0348-ROU,Romania,2016,1,86.0
43633,2006-0348-ROU,Romania,2016,2,80.0
43634,2006-0348-ROU,Romania,2016,3,76.0
43635,2006-0348-ROU,Romania,2016,4,70.0
43636,2006-0348-ROU,Romania,2016,5,73.33333333333333
43637,2006-0348-ROU,Romania,2016,6,67.66666666666667
43638,2006-0348-ROU,Romania,2016,7,55.666666666666664
43639,2006-0348-ROU,Romania,2016,8,60.0
43640,2006-0348-ROU,Romania,2016,9,63.333333333333336
43641,2006-0348-ROU,Romania,2016,10,78.33333333333333
43642,2006-0348-ROU,Romania,2016,11,81.66666666666667
43643,2006-0348-ROU,Romania,2016,12,76.33333333333333
43920,2005-0756-ROU,Romania,2016,1,81.0
43921,2005-0756-ROU,Romania,2016,2,82.0
43922,2005-0756-ROU,Romania,2016,3,75.0
43923,2005-0756-ROU,Romania,2016,4,69.0
43924,2005-0756-ROU,Romania,2016,5,76.0
43925,2005-0756-ROU,Romania,2016,6,79.0
43926,2005-0756-ROU,Romania,2016,7,73.0
43927,2005-0756-ROU,Romania,2016,8,76.0
43928,2005-0756-ROU,Romania,2016,9,72.0
43929,2005-0756-ROU,Romania,2016,10,82.0
43930,2005-0756-ROU,Romania,2016,11,81.0
43931,2005-0756-ROU,Romania,2016,12,80.0
44496,2019-0296-ESP,Spain,2016,1,70.5
44497,2019-0296-ESP,Spain,2016,2,72.5
44498,2019-0296-ESP,Spain,2016,3,73.5
44499,2019-0296-ESP,Spain,2016,4,73.5
44500,2019-0296-ESP,Spain,2016,5,79.0
44501,2019-0296-ESP,Spain,2016,6,90.0
44502,2019-0296-ESP,Spain,2016,7,86.0
44503,2019-0296-ESP,Spain,2016,8,79.0
44504,2019-0296-ESP,Spain,2016,9,79.0
44505,2019-0296-ESP,Spain,2016,10,76.5
44506,2019-0296-ESP,Spain,2016,11,74.5
44507,2019-0296-ESP,Spain,2016,12,72.5
45648,2018-0195-CAN,Canada,2016,1,71.5625
45649,2018-0195-CAN,Canada,2016,2,62.375
45650,2018-0195-CAN,Canada,2016,3,57.4375
45651,2018-0195-CAN,Canada,2016,4,61.125
45652,2018-0195-CAN,Canada,2016,5,58.6875
45653,2018-0195-CAN,Canada,2016,6,51.0
45654,2018-0195-CAN,Canada,2016,7,52.8125
45655,2018-0195-CAN,Canada,2016,8,50.5
45656,2018-0195-CAN,Canada,2016,9,63.1875
45657,2018-0195-CAN,Canada,2016,10,69.25
45658,2018-0195-CAN,Canada,2016,11,64.625
45659,2018-0195-CAN,Canada,2016,12,69.5
46800,2007-0235-BIH,Bosnia and Herzegovina,2016,1,70.66666666666667
46801,2007-0235-BIH,Bosnia and Herzegovina,2016,2,76.33333333333333
46802,2007-0235-BIH,Bosnia and Herzegovina,2016,3,73.16666666666667
46803,2007-0235-BIH,Bosnia and Herzegovina,2016,4,77.5
46804,2007-0235-BIH,Bosnia and Herzegovina,2016,5,79.16666666666667
46805,2007-0235-BIH,Bosnia and Herzegovina,2016,6,80.66666666666667
46806,2007-0235-BIH,Bosnia and Herzegovina,2016,7,76.16666666666667
46807,2007-0235-BIH,Bosnia and Herzegovina,2016,8,74.83333333333333
46808,2007-0235-BIH,Bosnia and Herzegovina,2016,9,73.5
46809,2007-0235-BIH,Bosnia and Herzegovina,2016,10,72.16666666666667
46810,2007-0235-BIH,Bosnia and Herzegovina,2016,11,72.66666666666667
46811,2007-0235-BIH,Bosnia and Herzegovina,2016,12,61.5
47952,2003-0391-AUT,Austria,2016,1,81.11111111111111
47953,2003-0391-AUT,Austria,2016,2,79.55555555555556
47954,2003-0391-AUT,Austria,2016,3,74.55555555555556
47955,2003-0391-AUT,Austria,2016,4,71.77777777777777
47956,2003-0391-AUT,Austria,2016,5,75.0
47957,2003-0391-AUT,Austria,2016,6,78.0
47958,2003-0391-AUT,Austria,2016,7,74.44444444444444
47959,2003-0391-AUT,Austria,2016,8,75.22222222222223
47960,2003-0391-AUT,Austria,2016,9,77.11111111111111
47961,2003-0391-AUT,Austria,2016,10,83.77777777777777
47962,2003-0391-AUT,Austria,2016,11,82.77777777777777
47963,2003-0391-AUT,Austria,2016,12,74.66666666666667
48528,2014-0010-AUS,Australia,2016,1,61.0
48529,2014-0010-AUS,Australia,2016,2,58.5
48530,2014-0010-AUS,Australia,2016,3,60.0
48531,2014-0010-AUS,Australia,2016,4,58.0
48532,2014-0010-AUS,Australia,2016,5,65.5
48533,2014-0010-AUS,Australia,2016,6,78.5
48534,2014-0010-AUS,Australia,2016,7,69.0
48535,2014-0010-AUS,Australia,2016,8,58.5
48536,2014-0010-AUS,Australia,2016,9,54.5
48537,2014-0010-AUS,Australia,2016,10,53.0
48538,2014-0010-AUS,Australia,2016,11,55.5
48539,2014-0010-AUS,Australia,2016,12,57.0
50544,2014-0546-PAK,Pakistan,2016,1,60.0
50545,2014-0546-PAK,Pakistan,2016,2,44.333333333333336
50546,2014-0546-PAK,Pakistan,2016,3,50.666666666666664
50547,2014-0546-PAK,Pakistan,2016,4,51.5
50548,2014-0546-PAK,Pakistan,2016,5,59.333333333333336
50549,2014-0546-PAK,Pakistan,2016,6,63.166666666666664
50550,2014-0546-PAK,Pakistan,2016,7,73.66666666666667
50551,2014-0546-PAK,Pakistan,2016,8,80.83333333333333
50552,2014-0546-PAK,Pakistan,2016,9,70.33333333333333
50553,2014-0546-PAK,Pakistan,2016,10,61.666666666666664
50554,2014-0546-PAK,Pakistan,2016,11,53.333333333333336
50555,2014-0546-PAK,Pakistan,2016,12,57.166666666666664
52560,2000-0471-JOR,Jordan,2016,1,70.0
52561,2000-0471-JOR,Jordan,2016,2,63.0
52562,2000-0471-JOR,Jordan,2016,3,53.0
52563,2000-0471-JOR,Jordan,2016,4,44.0
52564,2000-0471-JOR,Jordan,2016,5,47.0
52565,2000-0471-JOR,Jordan,2016,6,44.0
52566,2000-0471-JOR,Jordan,2016,7,54.0
52567,2000-0471-JOR,Jordan,2016,8,59.0
52568,2000-0471-JOR,Jordan,2016,9,56.0
52569,2000-0471-JOR,Jordan,2016,10,58.0
52570,2000-0471-JOR,Jordan,2016,11,48.0
52571,2000-0471-JOR,Jordan,2016,12,65.0
54864,2015-0342-EGY,Egypt,2016,1,54.666666666666664
54865,2015-0342-EGY,Egypt,2016,2,48.0
54866,2015-0342-EGY,Egypt,2016,3,39.666666666666664
54867,2015-0342-EGY,Egypt,2016,4,31.333333333333332
54868,2015-0342-EGY,Egypt,2016,5,32.0
54869,2015-0342-EGY,Egypt,2016,6,32.0
54870,2015-0342-EGY,Egypt,2016,7,40.333333333333336
54871,2015-0342-EGY,Egypt,2016,8,41.0
54872,2015-0342-EGY,Egypt,2016,9,42.333333333333336
54873,2015-0342-EGY,Egypt,2016,10,50.0
54874,2015-0342-EGY,Egypt,2016,11,50.333333333333336
54875,2015-0342-EGY,Egypt,2016,12,56.333333333333336
58464,2010-0372-RUS,Russian Federation (the),2016,1,82.8
58465,2010-0372-RUS,Russian Federation (the),2016,2,83.8
58466,2010-0372-RUS,Russian Federation (the),2016,3,79.8
58467,2010-0372-RUS,Russian Federation (the),2016,4,67.6
58468,2010-0372-RUS,Russian Federation (the),2016,5,66.0
58469,2010-0372-RUS,Russian Federation (the),2016,6,64.6
58470,2010-0372-RUS,Russian Federation (the),2016,7,63.6
58471,2010-0372-RUS,Russian Federation (the),2016,8,62.4
58472,2010-0372-RUS,Russian Federation (the),2016,9,75.2
58473,2010-0372-RUS,Russian Federation (the),2016,10,76.8
58474,2010-0372-RUS,Russian Federation (the),2016,11,81.6
58475,2010-0372-RUS,Russian Federation (the),2016,12,86.6
59184,2005-0687-USA,United States of America (the),2016,1,66.625
59185,2005-0687-USA,United States of America (the),2016,2,64.625
59186,2005-0687-USA,United States of America (the),2016,3,63.25
59187,2005-0687-USA,United States of America (the),2016,4,64.125
59188,2005-0687-USA,United States of America (the),2016,5,70.875
59189,2005-0687-USA,United States of America (the),2016,6,68.875
59190,2005-0687-USA,United States of America (the),2016,7,72.25
59191,2005-0687-USA,United States of America (the),2016,8,73.0
59192,2005-0687-USA,United States of America (the),2016,9,69.875
59193,2005-0687-USA,United States of America (the),2016,10,66.125
59194,2005-0687-USA,United States of America (the),2016,11,64.125
59195,2005-0687-USA,United States of America (the),2016,12,67.125
61056,2006-0383-BEL,Belgium,2016,1,87.75
61057,2006-0383-BEL,Belgium,2016,2,83.75
61058,2006-0383-BEL,Belgium,2016,3,79.75
61059,2006-0383-BEL,Belgium,2016,4,76.0
61060,2006-0383-BEL,Belgium,2016,5,74.5
61061,2006-0383-BEL,Belgium,2016,6,84.75
61062,2006-0383-BEL,Belgium,2016,7,75.75
61063,2006-0383-BEL,Belgium,2016,8,75.25
61064,2006-0383-BEL,Belgium,2016,9,75.25
61065,2006-0383-BEL,Belgium,2016,10,85.75
61066,2006-0383-BEL,Belgium,2016,11,86.75
61067,2006-0383-BEL,Belgium,2016,12,89.0
63936,2003-0250-BGD,Bangladesh,2016,1,79.0
63937,2003-0250-BGD,Bangladesh,2016,2,77.0
63938,2003-0250-BGD,Bangladesh,2016,3,71.66666666666667
63939,2003-0250-BGD,Bangladesh,2016,4,75.0
63940,2003-0250-BGD,Bangladesh,2016,5,78.33333333333333
63941,2003-0250-BGD,Bangladesh,2016,6,82.0
63942,2003-0250-BGD,Bangladesh,2016,7,87.33333333333333
63943,2003-0250-BGD,Bangladesh,2016,8,85.33333333333333
63944,2003-0250-BGD,Bangladesh,2016,9,85.0
63945,2003-0250-BGD,Bangladesh,2016,10,82.33333333333333
63946,2003-0250-BGD,Bangladesh,2016,11,79.33333333333333
63947,2003-0250-BGD,Bangladesh,2016,12,80.66666666666667
64656,2018-0235-NLD,Netherlands (the),2016,1,87.0
64657,2018-0235-NLD,Netherlands (the),2016,2,82.0
64658,2018-0235-NLD,Netherlands (the),2016,3,81.0
64659,2018-0235-NLD,Netherlands (the),2016,4,76.0
64660,2018-0235-NLD,Netherlands (the),2016,5,72.0
64661,2018-0235-NLD,Netherlands (the),2016,6,82.0
64662,2018-0235-NLD,Netherlands (the),2016,7,78.0
64663,2018-0235-NLD,Netherlands (the),2016,8,78.0
64664,2018-0235-NLD,Netherlands (the),2016,9,77.0
64665,2018-0235-NLD,Netherlands (the),2016,10,86.0
64666,2018-0235-NLD,Netherlands (the),2016,11,88.0
64667,2018-0235-NLD,Netherlands (the),2016,12,90.0
65952,2000-0398-CYP,Cyprus,2016,1,69.0
65953,2000-0398-CYP,Cyprus,2016,2,72.0
65954,2000-0398-CYP,Cyprus,2016,3,74.0
65955,2000-0398-CYP,Cyprus,2016,4,74.0
65956,2000-0398-CYP,Cyprus,2016,5,78.0
65957,2000-0398-CYP,Cyprus,2016,6,90.0
65958,2000-0398-CYP,Cyprus,2016,7,87.0
65959,2000-0398-CYP,Cyprus,2016,8,79.0
65960,2000-0398-CYP,Cyprus,2016,9,77.0
65961,2000-0398-CYP,Cyprus,2016,10,75.0
65962,2000-0398-CYP,Cyprus,2016,11,75.0
65963,2000-0398-CYP,Cyprus,2016,12,70.0
67968,2019-0650-BEL,Belgium,2016,1,88.0
67969,2019-0650-BEL,Belgium,2016,2,84.0
67970,2019-0650-BEL,Belgium,2016,3,80.0
67971,2019-0650-BEL,Belgium,2016,4,77.0
67972,2019-0650-BEL,Belgium,2016,5,76.0
67973,2019-0650-BEL,Belgium,2016,6,85.0
67974,2019-0650-BEL,Belgium,2016,7,76.0
67975,2019-0650-BEL,Belgium,2016,8,74.0
67976,2019-0650-BEL,Belgium,2016,9,76.0
67977,2019-0650-BEL,Belgium,2016,10,86.0
67978,2019-0650-BEL,Belgium,2016,11,87.0
67979,2019-0650-BEL,Belgium,2016,12,89.0
70848,2018-0235-PRT,Portugal,2016,1,70.0
70849,2018-0235-PRT,Portugal,2016,2,74.0
70850,2018-0235-PRT,Portugal,2016,3,74.0
70851,2018-0235-PRT,Portugal,2016,4,75.0
70852,2018-0235-PRT,Portugal,2016,5,80.0
70853,2018-0235-PRT,Portugal,2016,6,92.0
70854,2018-0235-PRT,Portugal,2016,7,87.0
70855,2018-0235-PRT,Portugal,2016,8,80.0
70856,2018-0235-PRT,Portugal,2016,9,80.0
70857,2018-0235-PRT,Portugal,2016,10,76.0
70858,2018-0235-PRT,Portugal,2016,11,75.0
70859,2018-0235-PRT,Portugal,2016,12,73.0
70992,2018-0256-PRK,Korea (the Democratic People's Republic of),2016,1,64.0
70993,2018-0256-PRK,Korea (the Democratic People's Republic of),2016,2,61.5
70994,2018-0256-PRK,Korea (the Democratic People's Republic of),2016,3,67.5
70995,2018-0256-PRK,Korea (the Democratic People's Republic of),2016,4,71.0
70996,2018-0256-PRK,Korea (the Democratic People's Republic of),2016,5,75.0
70997,2018-0256-PRK,Korea (the Democratic People's Republic of),2016,6,83.0
70998,2018-0256-PRK,Korea (the Democratic People's Republic of),2016,7,88.0
70999,2018-0256-PRK,Korea (the Democratic People's Republic of),2016,8,83.5
71000,2018-0256-PRK,Korea (the Democratic People's Republic of),2016,9,81.0
71001,2018-0256-PRK,Korea (the Democratic People's Republic of),2016,10,71.5
71002,2018-0256-PRK,Korea (the Democratic People's Republic of),2016,11,68.5
71003,2018-0256-PRK,Korea (the Democratic People's Republic of),2016,12,71.0
71856,2002-0355-USA,United States of America (the),2016,1,74.0
71857,2002-0355-USA,United States of America (the),2016,2,75.0
71858,2002-0355-USA,United States of America (the),2016,3,75.0
71859,2002-0355-USA,United States of America (the),2016,4,73.0
71860,2002-0355-USA,United States of America (the),2016,5,74.0
71861,2002-0355-USA,United States of America (the),2016,6,76.0
71862,2002-0355-USA,United States of America (the),2016,7,69.0
71863,2002-0355-USA,United States of America (the),2016,8,71.0
71864,2002-0355-USA,United States of America (the),2016,9,71.0
71865,2002-0355-USA,United States of America (the),2016,10,71.0
71866,2002-0355-USA,United States of America (the),2016,11,73.0
71867,2002-0355-USA,United States of America (the),2016,12,72.0
74880,2006-0254-PAK,Pakistan,2016,1,72.66666666666667
74881,2006-0254-PAK,Pakistan,2016,2,59.666666666666664
74882,2006-0254-PAK,Pakistan,2016,3,66.0
74883,2006-0254-PAK,Pakistan,2016,4,58.0
74884,2006-0254-PAK,Pakistan,2016,5,59.0
74885,2006-0254-PAK,Pakistan,2016,6,65.66666666666667
74886,2006-0254-PAK,Pakistan,2016,7,71.0
74887,2006-0254-PAK,Pakistan,2016,8,75.0
74888,2006-0254-PAK,Pakistan,2016,9,69.0
74889,2006-0254-PAK,Pakistan,2016,10,70.0
74890,2006-0254-PAK,Pakistan,2016,11,67.33333333333333
74891,2006-0254-PAK,Pakistan,2016,12,71.66666666666667
75744,2005-0339-CHN,China,2016,1,80.0
75745,2005-0339-CHN,China,2016,2,75.0
75746,2005-0339-CHN,China,2016,3,75.0
75747,2005-0339-CHN,China,2016,4,69.0
75748,2005-0339-CHN,China,2016,5,74.0
75749,2005-0339-CHN,China,2016,6,74.0
75750,2005-0339-CHN,China,2016,7,73.0
75751,2005-0339-CHN,China,2016,8,74.0
75752,2005-0339-CHN,China,2016,9,76.0
75753,2005-0339-CHN,China,2016,10,85.0
75754,2005-0339-CHN,China,2016,11,82.0
75755,2005-0339-CHN,China,2016,12,78.0
82656,2015-0393-SDN,Sudan (the),2016,1,38.0
82657,2015-0393-SDN,Sudan (the),2016,2,28.0
82658,2015-0393-SDN,Sudan (the),2016,3,20.0
82659,2015-0393-SDN,Sudan (the),2016,4,13.0
82660,2015-0393-SDN,Sudan (the),2016,5,14.0
82661,2015-0393-SDN,Sudan (the),2016,6,13.0
82662,2015-0393-SDN,Sudan (the),2016,7,20.0
82663,2015-0393-SDN,Sudan (the),2016,8,19.0
82664,2015-0393-SDN,Sudan (the),2016,9,23.0
82665,2015-0393-SDN,Sudan (the),2016,10,27.0
82666,2015-0393-SDN,Sudan (the),2016,11,33.0
82667,2015-0393-SDN,Sudan (the),2016,12,37.0
86976,2018-0226-KOR,Korea (the Republic of),2016,1,68.0
86977,2018-0226-KOR,Korea (the Republic of),2016,2,62.0
86978,2018-0226-KOR,Korea (the Republic of),2016,3,61.0
86979,2018-0226-KOR,Korea (the Republic of),2016,4,65.0
86980,2018-0226-KOR,Korea (the Republic of),2016,5,63.0
86981,2018-0226-KOR,Korea (the Republic of),2016,6,71.0
86982,2018-0226-KOR,Korea (the Republic of),2016,7,81.0
86983,2018-0226-KOR,Korea (the Republic of),2016,8,70.0
86984,2018-0226-KOR,Korea (the Republic of),2016,9,74.0
86985,2018-0226-KOR,Korea (the Republic of),2016,10,75.0
86986,2018-0226-KOR,Korea (the Republic of),2016,11,69.0
86987,2018-0226-KOR,Korea (the Republic of),2016,12,70.0
90576,2003-0391-ESP,Spain,2016,1,70.0
90577,2003-0391-ESP,Spain,2016,2,71.0
90578,2003-0391-ESP,Spain,2016,3,74.0
90579,2003-0391-ESP,Spain,2016,4,71.0
90580,2003-0391-ESP,Spain,2016,5,77.0
90581,2003-0391-ESP,Spain,2016,6,88.0
90582,2003-0391-ESP,Spain,2016,7,83.0
90583,2003-0391-ESP,Spain,2016,8,77.0
90584,2003-0391-ESP,Spain,2016,9,79.0
90585,2003-0391-ESP,Spain,2016,10,77.0
90586,2003-0391-ESP,Spain,2016,11,74.0
90587,2003-0391-ESP,Spain,2016,12,73.0
94176,2015-0610-JPN,Japan,2016,1,66.0
94177,2015-0610-JPN,Japan,2016,2,63.0
94178,2015-0610-JPN,Japan,2016,3,69.0
94179,2015-0610-JPN,Japan,2016,4,71.0
94180,2015-0610-JPN,Japan,2016,5,71.0
94181,2015-0610-JPN,Japan,2016,6,79.0
94182,2015-0610-JPN,Japan,2016,7,83.0
94183,2015-0610-JPN,Japan,2016,8,82.0
94184,2015-0610-JPN,Japan,2016,9,88.0
94185,2015-0610-JPN,Japan,2016,10,78.0
94186,2015-0610-JPN,Japan,2016,11,76.0
94187,2015-0610-JPN,Japan,2016,12,63.0
99360,2005-0347-PAK,Pakistan,2016,1,60.333333333333336
99361,2005-0347-PAK,Pakistan,2016,2,47.0
99362,2005-0347-PAK,Pakistan,2016,3,51.666666666666664
99363,2005-0347-PAK,Pakistan,2016,4,40.333333333333336
99364,2005-0347-PAK,Pakistan,2016,5,42.0
99365,2005-0347-PAK,Pakistan,2016,6,46.333333333333336
99366,2005-0347-PAK,Pakistan,2016,7,57.333333333333336
99367,2005-0347-PAK,Pakistan,2016,8,56.0
99368,2005-0347-PAK,Pakistan,2016,9,53.333333333333336
99369,2005-0347-PAK,Pakistan,2016,10,50.333333333333336
99370,2005-0347-PAK,Pakistan,2016,11,50.333333333333336
99371,2005-0347-PAK,Pakistan,2016,12,56.333333333333336
101088,2000-0380-ROU,Romania,2016,1,86.5
101089,2000-0380-ROU,Romania,2016,2,79.5
101090,2000-0380-ROU,Romania,2016,3,76.5
101091,2000-0380-ROU,Romania,2016,4,69.5
101092,2000-0380-ROU,Romania,2016,5,73.0
101093,2000-0380-ROU,Romania,2016,6,67.0
101094,2000-0380-ROU,Romania,2016,7,54.0
101095,2000-0380-ROU,Romania,2016,8,60.5
101096,2000-0380-ROU,Romania,2016,9,63.5
101097,2000-0380-ROU,Romania,2016,10,78.0
101098,2000-0380-ROU,Romania,2016,11,81.0
101099,2000-0380-ROU,Romania,2016,12,76.0
104544,2003-0250-PAK,Pakistan,2016,1,66.0
104545,2003-0250-PAK,Pakistan,2016,2,44.0
104546,2003-0250-PAK,Pakistan,2016,3,72.0
104547,2003-0250-PAK,Pakistan,2016,4,55.0
104548,2003-0250-PAK,Pakistan,2016,5,47.0
104549,2003-0250-PAK,Pakistan,2016,6,60.0
104550,2003-0250-PAK,Pakistan,2016,7,81.0
104551,2003-0250-PAK,Pakistan,2016,8,82.0
104552,2003-0250-PAK,Pakistan,2016,9,77.0
104553,2003-0250-PAK,Pakistan,2016,10,50.0
104554,2003-0250-PAK,Pakistan,2016,11,48.0
104555,2003-0250-PAK,Pakistan,2016,12,52.0
107712,2020-0530-NLD,Netherlands (the),2016,1,87.0
107713,2020-0530-NLD,Netherlands (the),2016,2,82.0
107714,2020-0530-NLD,Netherlands (the),2016,3,81.0
107715,2020-0530-NLD,Netherlands (the),2016,4,76.0
107716,2020-0530-NLD,Netherlands (the),2016,5,72.0
107717,2020-0530-NLD,Netherlands (the),2016,6,82.0
107718,2020-0530-NLD,Netherlands (the),2016,7,78.0
107719,2020-0530-NLD,Netherlands (the),2016,8,78.0
107720,2020-0530-NLD,Netherlands (the),2016,9,77.0
107721,2020-0530-NLD,Netherlands (the),2016,10,86.0
107722,2020-0530-NLD,Netherlands (the),2016,11,88.0
107723,2020-0530-NLD,Netherlands (the),2016,12,90.0
108432,2006-0387-USA,United States of America (the),2016,1,72.0
108433,2006-0387-USA,United States of America (the),2016,2,72.0
108434,2006-0387-USA,United States of America (the),2016,3,71.0
108435,2006-0387-USA,United States of America (the),2016,4,73.0
108436,2006-0387-USA,United States of America (the),2016,5,77.0
108437,2006-0387-USA,United States of America (the),2016,6,80.0
108438,2006-0387-USA,United States of America (the),2016,7,79.0
108439,2006-0387-USA,United States of America (the),2016,8,78.0
108440,2006-0387-USA,United States of America (the),2016,9,75.0
108441,2006-0387-USA,United States of America (the),2016,10,72.0
108442,2006-0387-USA,United States of America (the),2016,11,71.0
108443,2006-0387-USA,United States of America (the),2016,12,70.0
113472,2008-0662-JPN,Japan,2016,1,65.0
113473,2008-0662-JPN,Japan,2016,2,61.0
113474,2008-0662-JPN,Japan,2016,3,61.0
113475,2008-0662-JPN,Japan,2016,4,62.0
113476,2008-0662-JPN,Japan,2016,5,62.0
113477,2008-0662-JPN,Japan,2016,6,72.0
113478,2008-0662-JPN,Japan,2016,7,74.0
113479,2008-0662-JPN,Japan,2016,8,75.0
113480,2008-0662-JPN,Japan,2016,9,81.0
113481,2008-0662-JPN,Japan,2016,10,73.0
113482,2008-0662-JPN,Japan,2016,11,74.0
113483,2008-0662-JPN,Japan,2016,12,65.0
116064,2003-0391-GBR,United Kingdom of Great Britain and Northern Ireland (the),2016,1,75.5
116065,2003-0391-GBR,United Kingdom of Great Britain and Northern Ireland (the),2016,2,73.5
116066,2003-0391-GBR,United Kingdom of Great Britain and Northern Ireland (the),2016,3,75.0
116067,2003-0391-GBR,United Kingdom of Great Britain and Northern Ireland (the),2016,4,79.5
116068,2003-0391-GBR,United Kingdom of Great Britain and Northern Ireland (the),2016,5,85.0
116069,2003-0391-GBR,United Kingdom of Great Britain and Northern Ireland (the),2016,6,91.5
116070,2003-0391-GBR,United Kingdom of Great Britain and Northern Ireland (the),2016,7,94.5
116071,2003-0391-GBR,United Kingdom of Great Britain and Northern Ireland (the),2016,8,93.5
116072,2003-0391-GBR,United Kingdom of Great Britain and Northern Ireland (the),2016,9,89.5
116073,2003-0391-GBR,United Kingdom of Great Britain and Northern Ireland (the),2016,10,83.0
116074,2003-0391-GBR,United Kingdom of Great Britain and Northern Ireland (the),2016,11,75.5
116075,2003-0391-GBR,United Kingdom of Great Britain and Northern Ireland (the),2016,12,78.5
117360,2019-0296-GBR,United Kingdom of Great Britain and Northern Ireland (the),2016,1,73.5
117361,2019-0296-GBR,United Kingdom of Great Britain and Northern Ireland (the),2016,2,73.5
117362,2019-0296-GBR,United Kingdom of Great Britain and Northern Ireland (the),2016,3,75.5
117363,2019-0296-GBR,United Kingdom of Great Britain and Northern Ireland (the),2016,4,81.5
117364,2019-0296-GBR,United Kingdom of Great Britain and Northern Ireland (the),2016,5,86.0
117365,2019-0296-GBR,United Kingdom of Great Britain and Northern Ireland (the),2016,6,91.5
117366,2019-0296-GBR,United Kingdom of Great Britain and Northern Ireland (the),2016,7,94.0
117367,2019-0296-GBR,United Kingdom of Great Britain and Northern Ireland (the),2016,8,91.5
117368,2019-0296-GBR,United Kingdom of Great Britain and Northern Ireland (the),2016,9,87.0
117369,2019-0296-GBR,United Kingdom of Great Britain and Northern Ireland (the),2016,10,82.0
117370,2019-0296-GBR,United Kingdom of Great Britain and Northern Ireland (the),2016,11,74.5
117371,2019-0296-GBR,United Kingdom of Great Britain and Northern Ireland (the),2016,12,78.0
118368,2015-0232-PAK,Pakistan,2016,1,69.0
118369,2015-0232-PAK,Pakistan,2016,2,52.0
118370,2015-0232-PAK,Pakistan,2016,3,60.0
118371,2015-0232-PAK,Pakistan,2016,4,48.5
118372,2015-0232-PAK,Pakistan,2016,5,48.5
118373,2015-0232-PAK,Pakistan,2016,6,54.5
118374,2015-0232-PAK,Pakistan,2016,7,66.5
118375,2015-0232-PAK,Pakistan,2016,8,74.0
118376,2015-0232-PAK,Pakistan,2016,9,65.0
118377,2015-0232-PAK,Pakistan,2016,10,62.5
118378,2015-0232-PAK,Pakistan,2016,11,61.0
118379,2015-0232-PAK,Pakistan,2016,12,65.0
119088,2004-0310-CHN,China,2016,1,78.0
119089,2004-0310-CHN,China,2016,2,68.0
119090,2004-0310-CHN,China,2016,3,81.0
119091,2004-0310-CHN,China,2016,4,84.0
119092,2004-0310-CHN,China,2016,5,80.0
119093,2004-0310-CHN,China,2016,6,81.0
119094,2004-0310-CHN,China,2016,7,78.0
119095,2004-0310-CHN,China,2016,8,82.0
119096,2004-0310-CHN,China,2016,9,77.0
119097,2004-0310-CHN,China,2016,10,76.0
119098,2004-0310-CHN,China,2016,11,77.0
119099,2004-0310-CHN,China,2016,12,66.0
119376,2002-0531-CHN,China,2016,1,65.5
119377,2002-0531-CHN,China,2016,2,55.5
119378,2002-0531-CHN,China,2016,3,56.5
119379,2002-0531-CHN,China,2016,4,61.0
119380,2002-0531-CHN,China,2016,5,59.5
119381,2002-0531-CHN,China,2016,6,70.0
119382,2002-0531-CHN,China,2016,7,78.5
119383,2002-0531-CHN,China,2016,8,77.0
119384,2002-0531-CHN,China,2016,9,79.5
119385,2002-0531-CHN,China,2016,10,80.5
119386,2002-0531-CHN,China,2016,11,75.5
119387,2002-0531-CHN,China,2016,12,74.0
122112,2018-0235-FRA,France,2016,1,73.0
122113,2018-0235-FRA,France,2016,2,75.0
122114,2018-0235-FRA,France,2016,3,77.0
122115,2018-0235-FRA,France,2016,4,83.0
122116,2018-0235-FRA,France,2016,5,87.0
122117,2018-0235-FRA,France,2016,6,93.0
122118,2018-0235-FRA,France,2016,7,93.0
122119,2018-0235-FRA,France,2016,8,90.0
122120,2018-0235-FRA,France,2016,9,86.0
122121,2018-0235-FRA,France,2016,10,81.0
122122,2018-0235-FRA,France,2016,11,75.0
122123,2018-0235-FRA,France,2016,12,76.0
122832,2019-0650-GBR,United Kingdom of Great Britain and Northern Ireland (the),2016,1,79.0
122833,2019-0650-GBR,United Kingdom of Great Britain and Northern Ireland (the),2016,2,84.0
122834,2019-0650-GBR,United Kingdom of Great Britain and Northern Ireland (the),2016,3,81.0
122835,2019-0650-GBR,United Kingdom of Great Britain and Northern Ireland (the),2016,4,85.0
122836,2019-0650-GBR,United Kingdom of Great Britain and Northern Ireland (the),2016,5,85.0
122837,2019-0650-GBR,United Kingdom of Great Britain and Northern Ireland (the),2016,6,88.0
122838,2019-0650-GBR,United Kingdom of Great Britain and Northern Ireland (the),2016,7,91.0
122839,2019-0650-GBR,United Kingdom of Great Britain and Northern Ireland (the),2016,8,92.0
122840,2019-0650-GBR,United Kingdom of Great Britain and Northern Ireland (the),2016,9,87.0
122841,2019-0650-GBR,United Kingdom of Great Britain and Northern Ireland (the),2016,10,83.0
122842,2019-0650-GBR,United Kingdom of Great Britain and Northern Ireland (the),2016,11,79.0
122843,2019-0650-GBR,United Kingdom of Great Britain and Northern Ireland (the),2016,12,79.0
133488,2018-0235-ITA,Italy,2016,1,71.0
133489,2018-0235-ITA,Italy,2016,2,77.0
133490,2018-0235-ITA,Italy,2016,3,74.0
133491,2018-0235-ITA,Italy,2016,4,80.0
133492,2018-0235-ITA,Italy,2016,5,79.0
133493,2018-0235-ITA,Italy,2016,6,81.0
133494,2018-0235-ITA,Italy,2016,7,78.0
133495,2018-0235-ITA,Italy,2016,8,77.0
133496,2018-0235-ITA,Italy,2016,9,73.0
133497,2018-0235-ITA,Italy,2016,10,73.0
133498,2018-0235-ITA,Italy,2016,11,73.0
133499,2018-0235-ITA,Italy,2016,12,66.0
134784,2000-0324-HRV,Croatia,2016,1,78.0
134785,2000-0324-HRV,Croatia,2016,2,80.5
134786,2000-0324-HRV,Croatia,2016,3,75.0
134787,2000-0324-HRV,Croatia,2016,4,73.0
134788,2000-0324-HRV,Croatia,2016,5,75.5
134789,2000-0324-HRV,Croatia,2016,6,76.75
134790,2000-0324-HRV,Croatia,2016,7,71.25
134791,2000-0324-HRV,Croatia,2016,8,73.0
134792,2000-0324-HRV,Croatia,2016,9,74.25
134793,2000-0324-HRV,Croatia,2016,10,77.0
134794,2000-0324-HRV,Croatia,2016,11,78.5
134795,2000-0324-HRV,Croatia,2016,12,73.25
135072,2019-0296-BEL,Belgium,2016,1,88.0
135073,2019-0296-BEL,Belgium,2016,2,84.0
135074,2019-0296-BEL,Belgium,2016,3,80.0
135075,2019-0296-BEL,Belgium,2016,4,77.0
135076,2019-0296-BEL,Belgium,2016,5,76.0
135077,2019-0296-BEL,Belgium,2016,6,85.0
135078,2019-0296-BEL,Belgium,2016,7,76.0
135079,2019-0296-BEL,Belgium,2016,8,74.0
135080,2019-0296-BEL,Belgium,2016,9,76.0
135081,2019-0296-BEL,Belgium,2016,10,86.0
135082,2019-0296-BEL,Belgium,2016,11,87.0
135083,2019-0296-BEL,Belgium,2016,12,89.0
135792,2018-0143-PAK,Pakistan,2016,1,64.0
135793,2018-0143-PAK,Pakistan,2016,2,61.0
135794,2018-0143-PAK,Pakistan,2016,3,77.0
135795,2018-0143-PAK,Pakistan,2016,4,81.0
135796,2018-0143-PAK,Pakistan,2016,5,86.0
135797,2018-0143-PAK,Pakistan,2016,6,84.0
135798,2018-0143-PAK,Pakistan,2016,7,82.0
135799,2018-0143-PAK,Pakistan,2016,8,84.0
135800,2018-0143-PAK,Pakistan,2016,9,79.0
135801,2018-0143-PAK,Pakistan,2016,10,80.0
135802,2018-0143-PAK,Pakistan,2016,11,69.0
135803,2018-0143-PAK,Pakistan,2016,12,68.0
135936,2019-0366-NLD,Netherlands (the),2016,1,87.0
135937,2019-0366-NLD,Netherlands (the),2016,2,82.0
135938,2019-0366-NLD,Netherlands (the),2016,3,81.0
135939,2019-0366-NLD,Netherlands (the),2016,4,76.0
135940,2019-0366-NLD,Netherlands (the),2016,5,72.0
135941,2019-0366-NLD,Netherlands (the),2016,6,82.0
135942,2019-0366-NLD,Netherlands (the),2016,7,78.0
135943,2019-0366-NLD,Netherlands (the),2016,8,78.0
135944,2019-0366-NLD,Netherlands (the),2016,9,77.0
135945,2019-0366-NLD,Netherlands (the),2016,10,86.0
135946,2019-0366-NLD,Netherlands (the),2016,11,88.0
135947,2019-0366-NLD,Netherlands (the),2016,12,90.0
136368,2019-0366-BEL,Belgium,2016,1,88.0
136369,2019-0366-BEL,Belgium,2016,2,84.0
136370,2019-0366-BEL,Belgium,2016,3,80.0
136371,2019-0366-BEL,Belgium,2016,4,77.0
136372,2019-0366-BEL,Belgium,2016,5,76.0
136373,2019-0366-BEL,Belgium,2016,6,85.0
136374,2019-0366-BEL,Belgium,2016,7,76.0
136375,2019-0366-BEL,Belgium,2016,8,74.0
136376,2019-0366-BEL,Belgium,2016,9,76.0
136377,2019-0366-BEL,Belgium,2016,10,86.0
136378,2019-0366-BEL,Belgium,2016,11,87.0
136379,2019-0366-BEL,Belgium,2016,12,89.0
137232,2013-0582-CHN,China,2016,1,78.0
137233,2013-0582-CHN,China,2016,2,68.0
137234,2013-0582-CHN,China,2016,3,71.0
137235,2013-0582-CHN,China,2016,4,80.0
137236,2013-0582-CHN,China,2016,5,80.0
137237,2013-0582-CHN,China,2016,6,85.0
137238,2013-0582-CHN,China,2016,7,79.0
137239,2013-0582-CHN,China,2016,8,76.0
137240,2013-0582-CHN,China,2016,9,80.0
137241,2013-0582-CHN,China,2016,10,83.0
137242,2013-0582-CHN,China,2016,11,82.0
137243,2013-0582-CHN,China,2016,12,78.0
137664,2019-0463-JPN,Japan,2016,1,64.0
137665,2019-0463-JPN,Japan,2016,2,65.0
137666,2019-0463-JPN,Japan,2016,3,69.0
137667,2019-0463-JPN,Japan,2016,4,74.0
137668,2019-0463-JPN,Japan,2016,5,73.0
137669,2019-0463-JPN,Japan,2016,6,81.0
137670,2019-0463-JPN,Japan,2016,7,81.0
137671,2019-0463-JPN,Japan,2016,8,80.0
137672,2019-0463-JPN,Japan,2016,9,86.0
137673,2019-0463-JPN,Japan,2016,10,76.0
137674,2019-0463-JPN,Japan,2016,11,75.0
137675,2019-0463-JPN,Japan,2016,12,69.0
137808,2018-0459-AUS,Australia,2016,1,40.0
137809,2018-0459-AUS,Australia,2016,2,26.0
137810,2018-0459-AUS,Australia,2016,3,40.0
137811,2018-0459-AUS,Australia,2016,4,28.0
137812,2018-0459-AUS,Australia,2016,5,58.0
137813,2018-0459-AUS,Australia,2016,6,69.0
137814,2018-0459-AUS,Australia,2016,7,50.0
137815,2018-0459-AUS,Australia,2016,8,45.0
137816,2018-0459-AUS,Australia,2016,9,56.0
137817,2018-0459-AUS,Australia,2016,10,26.0
137818,2018-0459-AUS,Australia,2016,11,25.0
137819,2018-0459-AUS,Australia,2016,12,52.0
138816,2018-0235-ESP,Spain,2016,1,74.0
138817,2018-0235-ESP,Spain,2016,2,71.0
138818,2018-0235-ESP,Spain,2016,3,73.0
138819,2018-0235-ESP,Spain,2016,4,80.0
138820,2018-0235-ESP,Spain,2016,5,81.0
138821,2018-0235-ESP,Spain,2016,6,80.0
138822,2018-0235-ESP,Spain,2016,7,78.0
138823,2018-0235-ESP,Spain,2016,8,75.0
138824,2018-0235-ESP,Spain,2016,9,74.0
138825,2018-0235-ESP,Spain,2016,10,76.0
138826,2018-0235-ESP,Spain,2016,11,71.0
138827,2018-0235-ESP,Spain,2016,12,77.0
140256,2016-0036-ZAF,South Africa,2016,1,44.0
140257,2016-0036-ZAF,South Africa,2016,2,46.0
140258,2016-0036-ZAF,South Africa,2016,3,59.0
140259,2016-0036-ZAF,South Africa,2016,4,56.0
140260,2016-0036-ZAF,South Africa,2016,5,54.0
140261,2016-0036-ZAF,South Africa,2016,6,52.0
140262,2016-0036-ZAF,South Africa,2016,7,42.0
140263,2016-0036-ZAF,South Africa,2016,8,29.0
140264,2016-0036-ZAF,South Africa,2016,9,26.0
140265,2016-0036-ZAF,South Africa,2016,10,28.0
140266,2016-0036-ZAF,South Africa,2016,11,48.0
140267,2016-0036-ZAF,South Africa,2016,12,52.0
142560,2020-0530-BEL,Belgium,2016,1,88.0
142561,2020-0530-BEL,Belgium,2016,2,84.0
142562,2020-0530-BEL,Belgium,2016,3,80.0
142563,2020-0530-BEL,Belgium,2016,4,77.0
142564,2020-0530-BEL,Belgium,2016,5,76.0
142565,2020-0530-BEL,Belgium,2016,6,85.0
142566,2020-0530-BEL,Belgium,2016,7,76.0
142567,2020-0530-BEL,Belgium,2016,8,74.0
142568,2020-0530-BEL,Belgium,2016,9,76.0
142569,2020-0530-BEL,Belgium,2016,10,86.0
142570,2020-0530-BEL,Belgium,2016,11,87.0
142571,2020-0530-BEL,Belgium,2016,12,89.0
144288,2019-0296-DEU,Germany,2016,1,84.0
144289,2019-0296-DEU,Germany,2016,2,81.0
144290,2019-0296-DEU,Germany,2016,3,78.0
144291,2019-0296-DEU,Germany,2016,4,72.0
144292,2019-0296-DEU,Germany,2016,5,69.0
144293,2019-0296-DEU,Germany,2016,6,82.0
144294,2019-0296-DEU,Germany,2016,7,75.0
144295,2019-0296-DEU,Germany,2016,8,75.0
144296,2019-0296-DEU,Germany,2016,9,74.0
144297,2019-0296-DEU,Germany,2016,10,84.0
144298,2019-0296-DEU,Germany,2016,11,85.0
144299,2019-0296-DEU,Germany,2016,12,88.0
145296,2007-0235-MKD,Macedonia (the former Yugoslav Republic of),2016,1,81.0
145297,2007-0235-MKD,Macedonia (the former Yugoslav Republic of),2016,2,76.0
145298,2007-0235-MKD,Macedonia (the former Yugoslav Republic of),2016,3,75.0
145299,2007-0235-MKD,Macedonia (the former Yugoslav Republic of),2016,4,67.0
145300,2007-0235-MKD,Macedonia (the former Yugoslav Republic of),2016,5,74.0
145301,2007-0235-MKD,Macedonia (the former Yugoslav Republic of),2016,6,68.0
145302,2007-0235-MKD,Macedonia (the former Yugoslav Republic of),2016,7,64.0
145303,2007-0235-MKD,Macedonia (the former Yugoslav Republic of),2016,8,64.0
145304,2007-0235-MKD,Macedonia (the former Yugoslav Republic of),2016,9,74.0
145305,2007-0235-MKD,Macedonia (the former Yugoslav Republic of),2016,10,79.0
145306,2007-0235-MKD,Macedonia (the former Yugoslav Republic of),2016,11,81.0
145307,2007-0235-MKD,Macedonia (the former Yugoslav Republic of),2016,12,68.0
146736,2006-0427-USA,United States of America (the),2016,1,71.0
146737,2006-0427-USA,United States of America (the),2016,2,68.0
146738,2006-0427-USA,United States of America (the),2016,3,65.0
146739,2006-0427-USA,United States of America (the),2016,4,68.0
146740,2006-0427-USA,United States of America (the),2016,5,65.0
146741,2006-0427-USA,United States of America (the),2016,6,53.0
146742,2006-0427-USA,United States of America (the),2016,7,50.0
146743,2006-0427-USA,United States of America (the),2016,8,62.0
146744,2006-0427-USA,United States of America (the),2016,9,55.0
146745,2006-0427-USA,United States of America (the),2016,10,60.0
146746,2006-0427-USA,United States of America (the),2016,11,63.0
146747,2006-0427-USA,United States of America (the),2016,12,72.0
147456,2009-0658-JPN,Japan,2016,1,66.0
147457,2009-0658-JPN,Japan,2016,2,63.0
147458,2009-0658-JPN,Japan,2016,3,69.0
147459,2009-0658-JPN,Japan,2016,4,71.0
147460,2009-0658-JPN,Japan,2016,5,71.0
147461,2009-0658-JPN,Japan,2016,6,79.0
147462,2009-0658-JPN,Japan,2016,7,83.0
147463,2009-0658-JPN,Japan,2016,8,82.0
147464,2009-0658-JPN,Japan,2016,9,88.0
147465,2009-0658-JPN,Japan,2016,10,78.0
147466,2009-0658-JPN,Japan,2016,11,76.0
147467,2009-0658-JPN,Japan,2016,12,63.0
149472,2018-0226-JPN,Japan,2016,1,66.0
149473,2018-0226-JPN,Japan,2016,2,63.0
149474,2018-0226-JPN,Japan,2016,3,69.0
149475,2018-0226-JPN,Japan,2016,4,71.0
149476,2018-0226-JPN,Japan,2016,5,71.0
149477,2018-0226-JPN,Japan,2016,6,79.0
149478,2018-0226-JPN,Japan,2016,7,83.0
149479,2018-0226-JPN,Japan,2016,8,82.0
149480,2018-0226-JPN,Japan,2016,9,88.0
149481,2018-0226-JPN,Japan,2016,10,78.0
149482,2018-0226-JPN,Japan,2016,11,76.0
149483,2018-0226-JPN,Japan,2016,12,63.0
150336,2003-0785-DZA,Algeria,2016,1,48.0
150337,2003-0785-DZA,Algeria,2016,2,38.0
150338,2003-0785-DZA,Algeria,2016,3,33.0
150339,2003-0785-DZA,Algeria,2016,4,41.0
150340,2003-0785-DZA,Algeria,2016,5,19.0
150341,2003-0785-DZA,Algeria,2016,6,13.0
150342,2003-0785-DZA,Algeria,2016,7,14.0
150343,2003-0785-DZA,Algeria,2016,8,13.0
150344,2003-0785-DZA,Algeria,2016,9,16.0
150345,2003-0785-DZA,Algeria,2016,10,19.0
150346,2003-0785-DZA,Algeria,2016,11,37.0
150347,2003-0785-DZA,Algeria,2016,12,47.0
153360,2002-0354-NGA,Nigeria,2016,1,24.0
153361,2002-0354-NGA,Nigeria,2016,2,21.0
153362,2002-0354-NGA,Nigeria,2016,3,31.0
153363,2002-0354-NGA,Nigeria,2016,4,35.0
153364,2002-0354-NGA,Nigeria,2016,5,56.0
153365,2002-0354-NGA,Nigeria,2016,6,70.0
153366,2002-0354-NGA,Nigeria,2016,7,81.0
153367,2002-0354-NGA,Nigeria,2016,8,84.0
153368,2002-0354-NGA,Nigeria,2016,9,83.0
153369,2002-0354-NGA,Nigeria,2016,10,62.0
153370,2002-0354-NGA,Nigeria,2016,11,35.0
153371,2002-0354-NGA,Nigeria,2016,12,30.0
